48.1,3,0
47.33,3,1
42.27,3,2
38.41,3,3
35.72,3,4
35.13,3,5
36.22,3,6
32.4,3,7
36.6,3,8
43.1,3,9
45.14,3,10
45.14,3,11
47.35,3,12
47.35,3,13
43.61,3,14
44.91,3,15
48.1,3,16
58.02,3,17
61.01,3,18
62.69,3,19
60.41,3,20
58.15,3,21
53.6,3,22
47.34,3,23
40.4,6,0
36.0,6,1
37.0,6,2
35.99,6,3
37.98,6,4
43.61,6,5
56.1,6,6
57.69,6,7
60.01,6,8
62.25,6,9
60.01,6,10
59.97,6,11
59.69,6,12
58.69,6,13
58.13,6,14
59.0,6,15
59.69,6,16
63.76,6,17
65.01,6,18
65.01,6,19
61.75,6,20
59.96,6,21
58.69,6,22
52.1,6,23
47.84,6,0
43.66,6,1
43.66,6,2
41.98,6,3
43.93,6,4
46.02,6,5
50.92,6,6
55.57,6,7
58.1,6,8
59.8,6,9
59.51,6,10
59.0,6,11
58.13,6,12
56.9,6,13
52.69,6,14
52.1,6,15
56.1,6,16
59.0,6,17
59.8,6,18
59.92,6,19
59.51,6,20
58.1,6,21
56.1,6,22
41.3,6,23
40.19,2,0
38.4,2,1
36.0,2,2
35.0,2,3
35.5,2,4
36.0,2,5
36.49,2,6
38.5,2,7
41.86,2,8
48.51,2,9
48.51,2,10
45.5,2,11
47.71,2,12
46.48,2,13
39.82,2,14
39.6,2,15
47.69,2,16
59.11,2,17
61.26,2,18
62.31,2,19
62.69,2,20
61.19,2,21
59.8,2,22
56.06,2,23
48.07,4,0
43.93,4,1
45.67,4,2
45.69,4,3
47.49,4,4
57.5,4,5
63.0,4,6
65.11,4,7
66.96,4,8
67.52,4,9
65.97,4,10
63.68,4,11
62.71,4,12
60.01,4,13
59.8,4,14
59.98,4,15
63.46,4,16
67.52,4,17
69.0,4,18
67.52,4,19
65.11,4,20
63.07,4,21
59.8,4,22
57.98,4,23
50.45,0,0
46.0,0,1
43.84,0,2
40.13,0,3
40.0,0,4
43.32,0,5
50.0,0,6
49.53,0,7
54.0,0,8
59.28,0,9
59.69,0,10
56.86,0,11
54.2,0,12
52.69,0,13
53.2,0,14
52.79,0,15
57.0,0,16
60.69,0,17
62.99,0,18
63.7,0,19
62.69,0,20
60.1,0,21
59.86,0,22
52.85,0,23
49.67,2,0
48.95,2,1
50.0,2,2
47.73,2,3
51.12,2,4
60.1,2,5
66.49,2,6
68.81,2,7
79.99,2,8
85.05,2,9
79.99,2,10
68.81,2,11
67.24,2,12
64.89,2,13
64.13,2,14
65.1,2,15
67.24,2,16
70.4,2,17
75.0,2,18
70.55,2,19
66.69,2,20
63.19,2,21
61.53,2,22
61.5,2,23
60.1,5,0
58.69,5,1
58.1,5,2
54.56,5,3
57.59,5,4
60.89,5,5
67.5,5,6
69.1,5,7
74.69,5,8
75.96,5,9
73.6,5,10
69.96,5,11
68.0,5,12
65.1,5,13
64.89,5,14
66.49,5,15
67.73,5,16
71.46,5,17
74.69,5,18
71.0,5,19
66.49,5,20
63.31,5,21
61.69,5,22
56.73,5,23
50.25,1,0
48.89,1,1
49.14,1,2
49.14,1,3
50.6,1,4
59.82,1,5
67.69,1,6
69.19,1,7
73.02,1,8
75.69,1,9
73.0,1,10
70.2,1,11
69.0,1,12
65.0,1,13
64.99,1,14
67.52,1,15
69.0,1,16
70.15,1,17
71.0,1,18
69.0,1,19
65.01,1,20
63.05,1,21
59.33,1,22
48.6,1,23
47.6,3,0
43.05,3,1
43.0,3,2
43.83,3,3
45.0,3,4
47.43,3,5
54.12,3,6
60.69,3,7
64.82,3,8
67.69,3,9
66.2,3,10
65.01,3,11
64.82,3,12
62.43,3,13
58.58,3,14
58.34,3,15
61.69,3,16
63.89,3,17
65.69,3,18
65.69,3,19
63.71,3,20
59.33,3,21
57.3,3,22
44.39,3,23
41.3,6,0
39.41,6,1
39.41,6,2
38.4,6,3
37.0,6,4
37.0,6,5
37.59,6,6
38.5,6,7
41.5,6,8
43.0,6,9
43.39,6,10
40.8,6,11
42.88,6,12
42.0,6,13
39.2,6,14
39.54,6,15
43.39,6,16
62.32,6,17
66.2,6,18
68.03,6,19
67.92,6,20
64.82,6,21
59.82,6,22
48.96,6,23
45.34,1,0
41.3,1,1
41.0,1,2
41.01,1,3
43.05,1,4
49.21,1,5
62.01,1,6
63.89,1,7
70.0,1,8
70.69,1,9
70.52,1,10
67.11,1,11
64.3,1,12
62.01,1,13
60.76,1,14
62.01,1,15
63.5,1,16
66.2,1,17
69.7,1,18
67.69,1,19
62.99,1,20
54.56,1,21
55.0,1,22
46.17,1,23
42.0,1,0
40.8,1,1
39.69,1,2
39.2,1,3
40.0,1,4
44.93,1,5
58.34,1,6
62.2,1,7
66.2,1,8
68.52,1,9
66.49,1,10
63.31,1,11
61.84,1,12
57.46,1,13
57.59,1,14
60.69,1,15
62.56,1,16
67.11,1,17
70.2,1,18
69.1,1,19
63.89,1,20
61.84,1,21
59.76,1,22
50.25,1,23
43.22,2,0
43.05,2,1
43.21,2,2
43.05,2,3
46.83,2,4
60.69,2,5
68.03,2,6
71.46,2,7
78.9,2,8
81.12,2,9
77.15,2,10
71.15,2,11
68.25,2,12
63.89,2,13
63.01,2,14
64.89,2,15
67.11,2,16
69.96,2,17
70.52,2,18
68.75,2,19
62.99,2,20
55.0,2,21
45.67,2,22
39.0,2,23
35.0,3,0
34.73,3,1
33.04,3,2
32.25,3,3
33.0,3,4
38.0,3,5
48.62,3,6
57.59,3,7
63.01,3,8
64.0,3,9
62.01,3,10
54.87,3,11
45.3,3,12
41.35,3,13
40.8,3,14
45.03,3,15
52.47,3,16
61.69,3,17
63.43,3,18
62.01,3,19
54.12,3,20
42.35,3,21
40.13,3,22
36.0,3,23
34.0,4,0
33.04,4,1
33.04,4,2
33.73,4,3
35.0,4,4
40.69,4,5
57.93,4,6
64.89,4,7
70.52,4,8
71.25,4,9
68.69,4,10
62.56,4,11
58.34,4,12
48.84,4,13
46.25,4,14
54.02,4,15
58.98,4,16
63.52,4,17
66.94,4,18
64.89,4,19
59.88,4,20
55.02,4,21
45.34,4,22
36.54,4,23
33.8,5,0
33.04,5,1
33.04,5,2
33.04,5,3
34.0,5,4
36.0,5,5
41.19,5,6
48.2,5,7
60.64,5,8
64.88,5,9
64.88,5,10
62.5,5,11
58.69,5,12
47.0,5,13
40.4,5,14
39.84,5,15
43.1,5,16
56.68,5,17
59.82,5,18
57.59,5,19
53.7,5,20
42.25,5,21
37.78,5,22
36.24,5,23
33.8,6,0
28.75,6,1
27.57,6,2
25.0,6,3
27.25,6,4
28.79,6,5
33.6,6,6
34.9,6,7
39.84,6,8
43.97,6,9
53.98,6,10
50.1,6,11
53.69,6,12
52.8,6,13
42.51,6,14
42.0,6,15
42.51,6,16
55.57,6,17
60.8,6,18
59.82,6,19
57.59,6,20
53.69,6,21
42.51,6,22
38.24,6,23
34.9,0,0
33.04,0,1
29.53,0,2
28.07,0,3
31.17,0,4
39.2,0,5
52.07,0,6
56.49,0,7
64.88,0,8
65.02,0,9
64.88,0,10
59.07,0,11
55.69,0,12
47.72,0,13
47.43,0,14
54.56,0,15
60.69,0,16
67.25,0,17
70.01,0,18
69.0,0,19
65.69,0,20
60.76,0,21
56.69,0,22
46.67,0,23
42.44,1,0
42.02,1,1
40.0,1,2
39.4,1,3
42.02,1,4
47.43,1,5
63.89,1,6
67.69,1,7
71.15,1,8
77.51,1,9
74.75,1,10
69.89,1,11
67.94,1,12
65.01,1,13
65.01,1,14
66.6,1,15
67.94,1,16
69.89,1,17
70.91,1,18
69.18,1,19
65.75,1,20
63.1,1,21
57.59,1,22
60.01,1,23
47.43,2,0
45.94,2,1
43.77,2,2
42.0,2,3
42.88,2,4
46.04,2,5
59.82,2,6
62.33,2,7
65.69,2,8
67.75,2,9
65.01,2,10
59.01,2,11
52.6,2,12
45.13,2,13
44.95,2,14
46.25,2,15
55.47,2,16
59.82,2,17
58.34,2,18
55.02,2,19
45.0,2,20
42.0,2,21
38.5,2,22
39.96,2,23
38.4,3,0
36.98,3,1
33.33,3,2
33.04,3,3
33.33,3,4
39.2,3,5
45.03,3,6
57.2,3,7
61.57,3,8
63.27,3,9
61.45,3,10
55.35,3,11
54.01,3,12
47.43,3,13
47.37,3,14
51.99,3,15
59.2,3,16
64.56,3,17
65.0,3,18
63.91,3,19
60.76,3,20
55.1,3,21
48.0,3,22
44.45,3,23
42.1,4,0
39.4,4,1
38.0,4,2
35.0,4,3
38.0,4,4
43.6,4,5
57.66,4,6
62.1,4,7
67.01,4,8
68.5,4,9
67.0,4,10
62.78,4,11
59.65,4,12
50.1,4,13
50.1,4,14
52.6,4,15
58.34,4,16
62.42,4,17
65.0,4,18
63.13,4,19
60.03,4,20
57.59,4,21
47.87,4,22
44.01,4,23
43.12,5,0
40.43,5,1
36.1,5,2
35.0,5,3
35.0,5,4
39.1,5,5
41.35,5,6
42.58,5,7
51.9,5,8
57.1,5,9
57.59,5,10
55.79,5,11
52.6,5,12
45.2,5,13
43.1,5,14
40.43,5,15
43.52,5,16
53.04,5,17
57.9,5,18
57.59,5,19
57.25,5,20
50.95,5,21
45.95,5,22
39.79,5,23
31.4,6,0
25.83,6,1
28.58,6,2
25.88,6,3
28.13,6,4
30.0,6,5
30.6,6,6
32.8,6,7
38.4,6,8
40.5,6,9
41.0,6,10
40.5,6,11
40.44,6,12
38.5,6,13
34.82,6,14
35.9,6,15
40.5,6,16
55.1,6,17
62.7,6,18
63.89,6,19
61.95,6,20
58.34,6,21
51.1,6,22
40.84,6,23
38.0,0,0
35.09,0,1
35.0,0,2
35.63,0,3
36.99,0,4
45.1,0,5
60.76,0,6
65.01,0,7
68.85,0,8
69.7,0,9
69.49,0,10
67.48,0,11
65.78,0,12
61.64,0,13
60.76,0,14
62.75,0,15
65.78,0,16
69.0,0,17
71.15,0,18
69.7,0,19
67.01,0,20
63.0,0,21
57.59,0,22
52.1,0,23
43.52,1,0
41.1,1,1
40.0,1,2
39.8,1,3
40.1,1,4
46.25,1,5
61.89,1,6
66.15,1,7
69.49,1,8
70.52,1,9
67.7,1,10
63.89,1,11
60.77,1,12
55.1,1,13
57.1,1,14
56.38,1,15
57.3,1,16
63.29,1,17
66.0,1,18
64.16,1,19
61.0,1,20
56.18,1,21
54.1,1,22
42.74,1,23
40.38,2,0
39.5,2,1
39.5,2,2
39.68,2,3
40.1,2,4
44.93,2,5
62.0,2,6
68.03,2,7
70.64,2,8
72.52,2,9
70.2,2,10
68.03,2,11
65.0,2,12
59.82,2,13
58.38,2,14
59.89,2,15
63.0,2,16
67.1,2,17
69.1,2,18
68.2,2,19
63.1,2,20
58.18,2,21
48.75,2,22
45.28,2,23
42.67,3,0
40.09,3,1
39.1,3,2
38.4,3,3
38.5,3,4
44.52,3,5
49.69,3,6
54.55,3,7
59.82,3,8
61.44,3,9
56.01,3,10
48.77,3,11
41.45,3,12
37.63,3,13
34.52,3,14
37.4,3,15
39.1,3,16
49.19,3,17
52.0,3,18
47.87,3,19
39.9,3,20
36.07,3,21
30.52,3,22
24.12,3,23
7.88,4,0
7.04,4,1
10.52,4,2
7.0,4,3
7.04,4,4
25.0,4,5
34.31,4,6
42.59,4,7
49.02,4,8
52.01,4,9
50.01,4,10
47.45,4,11
42.59,4,12
34.48,4,13
33.8,4,14
36.0,4,15
42.0,4,16
50.0,4,17
52.01,4,18
49.0,4,19
42.94,4,20
38.4,4,21
29.93,4,22
5.0,4,23
10.0,5,0
10.0,5,1
14.84,5,2
14.84,5,3
12.42,5,4
10.0,5,5
9.9,5,6
17.2,5,7
25.1,5,8
35.62,5,9
34.3,5,10
23.23,5,11
18.2,5,12
10.0,5,13
14.84,5,14
14.84,5,15
14.84,5,16
22.33,5,17
35.62,5,18
40.4,5,19
37.54,5,20
34.6,5,21
22.43,5,22
10.0,5,23
7.0,4,0
5.0,4,1
4.0,4,2
4.0,4,3
4.8,4,4
5.0,4,5
7.04,4,6
7.04,4,7
7.88,4,8
10.71,4,9
10.0,4,10
7.04,4,11
7.0,4,12
6.33,4,13
5.0,4,14
6.21,4,15
9.98,4,16
33.15,4,17
50.0,4,18
52.01,4,19
50.01,4,20
45.8,4,21
41.74,4,22
42.47,4,23
36.67,0,0
35.0,0,1
31.04,0,2
29.87,0,3
30.5,0,4
39.2,0,5
53.1,0,6
53.6,0,7
56.1,0,8
63.89,0,9
62.61,0,10
56.1,0,11
54.1,0,12
43.89,0,13
42.59,0,14
43.89,0,15
49.64,0,16
52.5,0,17
64.89,0,18
61.99,0,19
54.1,0,20
46.45,0,21
38.4,0,22
31.5,0,23
28.71,0,0
23.33,0,1
20.01,0,2
19.99,0,3
20.0,0,4
26.2,0,5
40.82,0,6
42.59,0,7
55.0,0,8
57.59,0,9
55.57,0,10
54.69,0,11
51.38,0,12
42.59,0,13
42.55,0,14
43.89,0,15
51.1,0,16
54.69,0,17
66.12,0,18
61.75,0,19
54.7,0,20
51.8,0,21
44.86,0,22
32.4,0,23
27.71,3,0
25.0,3,1
23.98,3,2
22.0,3,3
24.6,3,4
30.0,3,5
45.01,3,6
51.69,3,7
57.25,3,8
58.31,3,9
54.1,3,10
51.14,3,11
42.59,3,12
30.62,3,13
29.5,3,14
31.5,3,15
35.15,3,16
42.59,3,17
54.1,3,18
56.07,3,19
50.83,3,20
40.82,3,21
31.5,3,22
27.21,3,23
26.28,5,0
17.0,5,1
20.0,5,2
17.0,5,3
25.0,5,4
30.0,5,5
43.89,5,6
50.69,5,7
57.25,5,8
58.49,5,9
55.1,5,10
52.6,5,11
47.1,5,12
42.59,5,13
42.55,5,14
43.89,5,15
48.6,5,16
52.6,5,17
61.01,5,18
57.99,5,19
53.0,5,20
47.5,5,21
46.25,5,22
41.27,5,23
33.73,1,0
30.15,1,1
28.0,1,2
28.0,1,3
30.15,1,4
37.03,1,5
52.69,1,6
53.89,1,7
58.7,1,8
59.99,1,9
55.1,1,10
53.35,1,11
49.64,1,12
40.75,1,13
40.4,1,14
42.19,1,15
48.6,1,16
52.6,1,17
57.99,1,18
56.1,1,19
54.49,1,20
52.03,1,21
50.01,1,22
53.68,1,23
51.49,3,0
47.44,3,1
43.94,3,2
42.45,3,3
43.94,3,4
45.21,3,5
49.11,3,6
49.97,3,7
53.81,3,8
56.62,3,9
55.19,3,10
54.24,3,11
55.74,3,12
53.24,3,13
51.37,3,14
50.51,3,15
51.69,3,16
61.25,3,17
70.03,3,18
64.89,3,19
60.0,3,20
55.19,3,21
53.24,3,22
50.42,3,23
43.98,6,0
40.94,6,1
39.51,6,2
39.0,6,3
40.13,6,4
42.1,6,5
43.98,6,6
42.1,6,7
43.76,6,8
43.98,6,9
40.94,6,10
37.02,6,11
34.84,6,12
33.21,6,13
27.0,6,14
26.39,6,15
26.84,6,16
37.1,6,17
45.56,6,18
50.48,6,19
49.88,6,20
45.56,6,21
40.56,6,22
34.23,6,23
30.08,2,0
26.0,2,1
25.75,2,2
25.76,2,3
26.83,2,4
34.84,2,5
52.86,2,6
55.28,2,7
60.75,2,8
62.21,2,9
60.02,2,10
60.0,2,11
59.16,2,12
55.1,2,13
54.16,2,14
55.7,2,15
58.9,2,16
63.89,2,17
82.01,2,18
77.56,2,19
63.89,2,20
59.34,2,21
55.7,2,22
50.3,2,23
49.0,4,0
43.76,4,1
43.06,4,2
42.88,4,3
43.94,4,4
49.92,4,5
65.01,4,6
66.19,4,7
68.66,4,8
70.7,4,9
70.09,4,10
68.78,4,11
66.69,4,12
61.9,4,13
61.01,4,14
63.89,4,15
64.1,4,16
67.48,4,17
71.0,4,18
71.0,4,19
66.69,4,20
62.0,4,21
56.19,4,22
50.01,4,23
47.41,0,0
45.42,0,1
43.76,0,2
42.39,0,3
44.3,0,4
49.78,0,5
68.03,0,6
68.03,0,7
72.02,0,8
73.21,0,9
72.19,0,10
72.02,0,11
70.19,0,12
68.03,0,13
68.05,0,14
69.65,0,15
69.49,0,16
71.15,0,17
74.71,0,18
77.15,0,19
72.21,0,20
71.0,0,21
68.6,0,22
64.1,0,23
54.69,2,0
50.0,2,1
47.9,2,2
47.9,2,3
47.9,2,4
53.35,2,5
69.0,2,6
70.6,2,7
75.71,2,8
75.71,2,9
73.21,2,10
72.21,2,11
70.59,2,12
69.1,2,13
69.0,2,14
69.65,2,15
68.03,2,16
72.0,2,17
74.71,2,18
75.79,2,19
71.75,2,20
69.65,2,21
66.1,2,22
59.0,2,23
49.07,4,0
45.3,4,1
42.43,4,2
41.62,4,3
41.71,4,4
45.42,4,5
58.25,4,6
57.84,4,7
60.1,4,8
60.1,4,9
58.03,4,10
54.35,4,11
49.89,4,12
47.54,4,13
44.19,4,14
43.2,4,15
45.75,4,16
51.49,4,17
59.99,4,18
61.1,4,19
60.0,4,20
52.6,4,21
46.3,4,22
41.3,4,23
36.19,5,0
35.68,5,1
33.18,5,2
31.43,5,3
32.85,5,4
33.93,5,5
36.12,5,6
37.8,5,7
44.02,5,8
47.31,5,9
47.1,5,10
44.1,5,11
43.5,5,12
37.9,5,13
33.93,5,14
32.4,5,15
35.01,5,16
40.1,5,17
44.98,5,18
45.1,5,19
42.61,5,20
42.71,5,21
37.21,5,22
27.5,5,23
20.0,6,0
12.51,6,1
10.0,6,2
8.4,6,3
9.34,6,4
12.4,6,5
16.33,6,6
21.1,6,7
26.55,6,8
33.02,6,9
34.15,6,10
27.33,6,11
26.86,6,12
26.32,6,13
25.5,6,14
25.5,6,15
29.65,6,16
38.81,6,17
50.24,6,18
54.92,6,19
53.15,6,20
54.33,6,21
49.74,6,22
43.2,6,23
37.2,0,0
35.01,0,1
34.5,0,2
34.34,0,3
34.7,0,4
39.33,0,5
53.42,0,6
57.36,0,7
65.1,0,8
66.73,0,9
68.03,0,10
63.3,0,11
59.5,0,12
54.01,0,13
49.87,0,14
52.46,0,15
54.76,0,16
55.21,0,17
67.7,0,18
61.49,0,19
53.01,0,20
49.99,0,21
39.36,0,22
39.1,0,23
37.1,1,0
26.56,1,1
25.01,1,2
20.1,1,3
25.0,1,4
28.11,1,5
42.69,1,6
41.1,1,7
48.99,1,8
48.99,1,9
44.89,1,10
43.5,1,11
40.1,1,12
38.71,1,13
38.98,1,14
40.0,1,15
42.0,1,16
44.0,1,17
55.1,1,18
53.59,1,19
48.99,1,20
44.01,1,21
39.33,1,22
28.2,1,23
27.5,2,0
20.0,2,1
20.66,2,2
24.15,2,3
22.0,2,4
28.68,2,5
52.0,2,6
53.1,2,7
58.1,2,8
56.69,2,9
54.8,2,10
54.85,2,11
53.05,2,12
50.36,2,13
50.1,2,14
52.0,2,15
54.0,2,16
57.95,2,17
61.55,2,18
60.19,2,19
56.69,2,20
55.46,2,21
51.65,2,22
47.54,2,23
45.94,3,0
43.9,3,1
41.3,3,2
40.84,3,3
41.47,3,4
47.15,3,5
56.77,3,6
59.03,3,7
62.43,3,8
61.49,3,9
60.22,3,10
60.25,3,11
58.01,3,12
56.15,3,13
56.77,3,14
58.13,3,15
58.21,3,16
61.3,3,17
71.4,3,18
75.8,3,19
68.03,3,20
60.35,3,21
58.01,3,22
48.15,3,23
47.02,4,0
44.16,4,1
41.11,4,2
40.52,4,3
42.63,4,4
49.29,4,5
57.2,4,6
57.18,4,7
59.2,4,8
58.92,4,9
58.09,4,10
57.0,4,11
53.03,4,12
51.9,4,13
49.81,4,14
49.4,4,15
50.39,4,16
53.0,4,17
58.1,4,18
59.99,4,19
58.09,4,20
53.1,4,21
50.93,4,22
50.03,4,23
45.1,5,0
41.25,5,1
39.1,5,2
37.49,5,3
39.94,5,4
38.4,5,5
37.5,5,6
36.15,5,7
43.55,5,8
46.1,5,9
43.1,5,10
35.93,5,11
36.1,5,12
27.72,5,13
17.67,5,14
12.0,5,15
17.65,5,16
28.21,5,17
36.1,5,18
40.0,5,19
37.5,5,20
33.4,5,21
29.56,5,22
12.4,5,23
10.15,6,0
5.02,6,1
4.99,6,2
4.99,6,3
5.0,6,4
6.5,6,5
11.7,6,6
12.0,6,7
13.0,6,8
15.55,6,9
15.55,6,10
12.4,6,11
15.25,6,12
9.85,6,13
5.02,6,14
5.0,6,15
5.02,6,16
25.05,6,17
39.96,6,18
47.15,6,19
43.6,6,20
40.0,6,21
30.1,6,22
24.99,6,23
10.0,0,0
5.0,0,1
5.0,0,2
5.0,0,3
7.5,0,4
24.6,0,5
35.6,0,6
36.6,0,7
46.63,0,8
49.62,0,9
45.41,0,10
45.04,0,11
42.1,0,12
28.51,0,13
27.52,0,14
28.4,0,15
30.0,0,16
33.83,0,17
44.0,0,18
45.04,0,19
38.4,0,20
27.91,0,21
25.0,0,22
12.4,0,23
5.0,1,0
4.0,1,1
4.8,1,2
4.8,1,3
5.0,1,4
19.09,1,5
32.54,1,6
30.11,1,7
37.6,1,8
35.01,1,9
30.1,1,10
27.79,1,11
27.26,1,12
24.13,1,13
24.13,1,14
26.1,1,15
28.34,1,16
33.49,1,17
46.1,1,18
51.5,1,19
45.2,1,20
40.0,1,21
33.71,1,22
30.01,1,23
25.05,2,0
20.43,2,1
13.0,2,2
12.4,2,3
16.5,2,4
26.11,2,5
43.0,2,6
40.0,2,7
48.0,2,8
44.0,2,9
39.6,2,10
38.4,2,11
34.51,2,12
28.63,2,13
28.6,2,14
34.2,2,15
37.08,2,16
37.59,2,17
48.8,2,18
51.48,2,19
43.1,2,20
38.55,2,21
37.33,2,22
35.1,2,23
27.28,3,0
24.1,3,1
22.1,3,2
22.1,3,3
23.13,3,4
32.02,3,5
42.0,3,6
46.1,3,7
50.1,3,8
51.48,3,9
47.05,3,10
46.03,3,11
44.92,3,12
41.1,3,13
40.0,3,14
42.9,3,15
43.4,3,16
43.82,3,17
56.0,3,18
53.15,3,19
48.82,3,20
46.38,3,21
42.9,3,22
42.01,3,23
28.4,4,0
26.0,4,1
24.4,4,2
24.13,4,3
25.0,4,4
28.49,4,5
44.4,4,6
44.4,4,7
45.1,4,8
46.1,4,9
44.4,4,10
44.4,4,11
44.1,4,12
40.57,4,13
40.0,4,14
40.0,4,15
40.0,4,16
40.0,4,17
48.03,4,18
50.1,4,19
48.82,4,20
47.5,4,21
45.0,4,22
34.8,4,23
30.1,5,0
27.4,5,1
27.32,5,2
27.27,5,3
27.22,5,4
28.22,5,5
28.59,5,6
30.13,5,7
35.12,5,8
41.79,5,9
41.7,5,10
40.7,5,11
41.7,5,12
35.12,5,13
30.1,5,14
28.58,5,15
31.27,5,16
41.32,5,17
45.0,5,18
45.9,5,19
44.51,5,20
40.7,5,21
35.12,5,22
35.62,5,23
27.1,5,0
25.0,5,1
20.01,5,2
17.1,5,3
17.22,5,4
20.14,5,5
19.87,5,6
20.22,5,7
25.22,5,8
25.13,5,9
27.1,5,10
28.71,5,11
25.6,5,12
23.68,5,13
16.1,5,14
14.1,5,15
19.52,5,16
25.13,5,17
39.71,5,18
44.0,5,19
41.21,5,20
35.69,5,21
30.23,5,22
20.17,5,23
15.1,1,0
13.55,1,1
13.0,1,2
12.0,1,3
18.1,1,4
30.23,1,5
43.52,1,6
47.05,1,7
50.0,1,8
50.48,1,9
49.38,1,10
49.12,1,11
49.05,1,12
47.47,1,13
45.94,1,14
45.94,1,15
46.26,1,16
50.48,1,17
70.16,1,18
77.15,1,19
75.6,1,20
54.92,1,21
50.94,1,22
53.1,1,23
49.34,1,0
46.16,1,1
44.4,1,2
41.96,1,3
45.53,1,4
51.1,1,5
55.49,1,6
60.19,1,7
63.5,1,8
61.69,1,9
58.69,1,10
57.19,1,11
57.69,1,12
53.69,1,13
51.8,1,14
51.1,1,15
52.52,1,16
55.49,1,17
67.32,1,18
69.69,1,19
60.53,1,20
53.15,1,21
48.97,1,22
43.99,1,23
41.0,4,0
38.15,4,1
31.95,4,2
25.0,4,3
22.12,4,4
28.83,4,5
32.95,4,6
41.0,4,7
42.1,4,8
42.0,4,9
40.0,4,10
35.5,4,11
38.4,4,12
31.45,4,13
28.48,4,14
28.41,4,15
30.0,4,16
32.45,4,17
41.6,4,18
44.69,4,19
41.52,4,20
34.67,4,21
27.55,4,22
15.99,4,23
7.88,6,0
5.13,6,1
5.0,6,2
4.13,6,3
5.0,6,4
12.22,6,5
20.0,6,6
27.57,6,7
30.0,6,8
30.68,6,9
28.7,6,10
28.76,6,11
28.85,6,12
27.56,6,13
27.95,6,14
28.45,6,15
33.0,6,16
39.59,6,17
47.29,6,18
52.1,6,19
47.09,6,20
42.59,6,21
40.4,6,22
39.0,6,23
35.03,2,0
30.0,2,1
28.25,2,2
28.24,2,3
34.75,2,4
43.4,2,5
50.48,2,6
52.69,2,7
59.01,2,8
57.0,2,9
52.97,2,10
50.48,2,11
50.48,2,12
49.33,2,13
45.4,2,14
45.1,2,15
47.01,2,16
52.69,2,17
62.0,2,18
71.0,2,19
62.0,2,20
52.69,2,21
50.48,2,22
47.1,2,23
43.76,4,0
41.36,4,1
37.5,4,2
35.13,4,3
34.75,4,4
37.32,4,5
39.99,4,6
45.09,4,7
48.1,4,8
46.14,4,9
45.1,4,10
45.1,4,11
46.0,4,12
45.09,4,13
43.4,4,14
43.0,4,15
43.08,4,16
46.1,4,17
56.4,4,18
60.75,4,19
60.0,4,20
53.38,4,21
48.1,4,22
49.29,4,23
44.96,0,0
40.16,0,1
35.84,0,2
33.35,0,3
33.32,0,4
33.6,0,5
32.81,0,6
33.43,0,7
33.88,0,8
38.17,0,9
40.0,0,10
39.0,0,11
38.17,0,12
33.6,0,13
28.16,0,14
25.02,0,15
25.13,0,16
36.13,0,17
44.17,0,18
49.29,0,19
48.0,0,20
44.96,0,21
42.01,0,22
37.5,0,23
35.0,3,0
32.15,3,1
28.53,3,2
27.83,3,3
32.0,3,4
43.87,3,5
50.32,3,6
56.65,3,7
55.3,3,8
52.3,3,9
51.16,3,10
51.03,3,11
50.8,3,12
47.1,3,13
45.59,3,14
44.96,3,15
45.36,3,16
50.25,3,17
58.99,3,18
59.52,3,19
57.8,3,20
51.03,3,21
45.59,3,22
47.96,3,23
45.0,5,0
43.38,5,1
42.4,5,2
43.0,5,3
44.84,5,4
47.96,5,5
54.45,5,6
59.69,5,7
60.69,5,8
58.9,5,9
56.78,5,10
56.0,5,11
55.69,5,12
49.92,5,13
47.96,5,14
47.96,5,15
48.35,5,16
57.19,5,17
65.18,5,18
69.49,5,19
67.44,5,20
59.69,5,21
54.19,5,22
47.96,5,23
43.92,1,0
41.07,1,1
40.0,1,2
39.95,1,3
40.69,1,4
45.96,1,5
52.68,1,6
56.61,1,7
58.1,1,8
53.16,1,9
51.32,1,10
49.03,1,11
48.35,1,12
45.9,1,13
44.0,1,14
43.0,1,15
43.92,1,16
50.19,1,17
56.64,1,18
58.0,1,19
53.69,1,20
52.12,1,21
47.74,1,22
47.96,1,23
42.21,3,0
40.69,3,1
40.69,3,2
40.69,3,3
42.21,3,4
47.86,3,5
55.39,3,6
58.13,3,7
55.16,3,8
51.4,3,9
48.35,3,10
48.02,3,11
47.96,3,12
43.1,3,13
39.3,3,14
38.17,3,15
42.01,3,16
47.96,3,17
52.5,3,18
52.98,3,19
48.18,3,20
45.0,3,21
42.39,3,22
38.55,3,23
31.4,4,0
29.5,4,1
29.78,4,2
30.3,4,3
32.0,4,4
41.64,4,5
45.01,4,6
46.07,4,7
47.38,4,8
45.01,4,9
44.42,4,10
45.0,4,11
43.28,4,12
43.51,4,13
41.6,4,14
41.6,4,15
42.64,4,16
42.01,4,17
50.2,4,18
52.01,4,19
47.7,4,20
46.63,4,21
46.32,4,22
44.2,4,23
41.08,5,0
38.04,5,1
36.93,5,2
34.17,5,3
35.14,5,4
38.0,5,5
38.4,5,6
41.5,5,7
43.82,5,8
42.15,5,9
41.5,5,10
41.6,5,11
40.65,5,12
38.4,5,13
33.81,5,14
32.22,5,15
36.52,5,16
43.4,5,17
49.25,5,18
50.13,5,19
47.5,5,20
46.89,5,21
44.12,5,22
43.1,5,23
40.87,6,0
37.75,6,1
33.0,6,2
31.92,6,3
31.4,6,4
32.0,6,5
32.0,6,6
34.06,6,7
40.07,6,8
41.5,6,9
43.1,6,10
44.2,6,11
44.32,6,12
43.1,6,13
39.07,6,14
36.14,6,15
36.93,6,16
42.01,6,17
51.69,6,18
56.95,6,19
54.32,6,20
52.0,6,21
49.8,6,22
48.9,6,23
43.88,0,0
41.35,0,1
40.07,0,2
41.0,0,3
44.3,0,4
50.0,0,5
56.0,0,6
61.54,0,7
63.51,0,8
63.0,0,9
60.13,0,10
59.89,0,11
57.35,0,12
55.73,0,13
54.1,0,14
53.25,0,15
55.42,0,16
58.7,0,17
63.5,0,18
62.1,0,19
60.1,0,20
55.0,0,21
51.0,0,22
48.31,0,23
45.0,1,0
43.1,1,1
41.5,1,2
41.1,1,3
43.1,1,4
46.8,1,5
48.71,1,6
50.0,1,7
52.05,1,8
50.76,1,9
48.18,1,10
46.03,1,11
45.85,1,12
44.0,1,13
42.0,1,14
43.79,1,15
45.0,1,16
45.56,1,17
52.21,1,18
52.45,1,19
49.1,1,20
47.72,1,21
45.76,1,22
44.66,1,23
40.29,2,0
38.4,2,1
37.02,2,2
36.6,2,3
39.02,2,4
45.1,2,5
49.13,2,6
52.69,2,7
54.66,2,8
52.61,2,9
52.0,2,10
51.1,2,11
50.0,2,12
48.43,2,13
46.02,2,14
45.1,2,15
45.44,2,16
47.04,2,17
51.69,2,18
51.69,2,19
49.1,2,20
47.89,2,21
45.0,2,22
36.28,2,23
31.6,3,0
29.89,3,1
28.3,3,2
28.16,3,3
30.0,3,4
35.99,3,5
41.5,3,6
43.0,3,7
46.1,3,8
46.1,3,9
44.1,3,10
44.1,3,11
43.0,3,12
40.02,3,13
35.13,3,14
32.4,3,15
37.0,3,16
39.3,3,17
41.04,3,18
47.02,3,19
42.91,3,20
40.9,3,21
41.5,3,22
35.35,3,23
28.5,4,0
26.51,4,1
25.25,4,2
25.25,4,3
26.0,4,4
30.0,4,5
41.19,4,6
43.6,4,7
45.73,4,8
45.6,4,9
41.5,4,10
41.1,4,11
41.5,4,12
41.5,4,13
41.1,4,14
41.1,4,15
41.5,4,16
43.02,4,17
46.0,4,18
49.84,4,19
46.0,4,20
45.5,4,21
46.29,4,22
45.6,4,23
43.1,5,0
38.0,5,1
34.17,5,2
33.17,5,3
33.67,5,4
38.4,5,5
40.81,5,6
43.1,5,7
45.1,5,8
46.35,5,9
46.35,5,10
46.0,5,11
45.85,5,12
43.69,5,13
40.5,5,14
41.5,5,15
44.69,5,16
45.02,5,17
49.1,5,18
53.16,5,19
49.97,5,20
47.5,5,21
44.69,5,22
42.0,5,23
36.07,6,0
31.3,6,1
28.46,6,2
28.02,6,3
28.05,6,4
28.5,6,5
28.21,6,6
28.51,6,7
32.4,6,8
43.69,6,9
45.69,6,10
45.78,6,11
45.7,6,12
45.35,6,13
42.1,6,14
42.0,6,15
37.1,6,16
42.0,6,17
51.52,6,18
59.01,6,19
59.01,6,20
53.01,6,21
49.19,6,22
50.77,6,23
47.75,0,0
45.03,0,1
42.06,0,2
42.0,0,3
45.83,0,4
52.0,0,5
57.85,0,6
59.79,0,7
61.69,0,8
65.19,0,9
62.0,0,10
60.12,0,11
58.69,0,12
55.49,0,13
54.76,0,14
52.54,0,15
51.48,0,16
52.41,0,17
55.49,0,18
58.59,0,19
53.41,0,20
50.7,0,21
45.83,0,22
33.0,0,23
32.0,1,0
30.0,1,1
28.52,1,2
29.49,1,3
31.0,1,4
39.5,1,5
45.35,1,6
51.69,1,7
53.69,1,8
54.82,1,9
53.49,1,10
53.28,1,11
52.89,1,12
50.48,1,13
50.0,1,14
49.61,1,15
50.44,1,16
48.69,1,17
53.0,1,18
56.77,1,19
54.82,1,20
52.69,1,21
46.57,1,22
39.5,1,23
35.2,2,0
32.0,2,1
31.4,2,2
30.0,2,3
30.71,2,4
39.5,2,5
45.35,2,6
48.6,2,7
48.11,2,8
48.07,2,9
44.65,2,10
42.69,2,11
40.85,2,12
38.4,2,13
34.8,2,14
35.2,2,15
41.26,2,16
46.69,2,17
50.61,2,18
58.11,2,19
56.56,2,20
52.41,2,21
50.48,2,22
41.45,2,23
38.4,3,0
34.0,3,1
32.0,3,2
30.06,3,3
32.4,3,4
38.4,3,5
44.05,3,6
50.14,3,7
51.5,3,8
51.02,3,9
50.48,3,10
50.48,3,11
49.66,3,12
46.67,3,13
44.35,3,14
43.96,3,15
46.26,3,16
48.69,3,17
52.25,3,18
56.19,3,19
53.01,3,20
50.48,3,21
46.09,3,22
39.5,3,23
34.35,4,0
29.53,4,1
28.01,4,2
28.05,4,3
29.85,4,4
39.5,4,5
49.0,4,6
51.8,4,7
53.0,4,8
52.19,4,9
51.69,4,10
50.48,4,11
49.66,4,12
50.48,4,13
49.0,4,14
49.0,4,15
50.14,4,16
50.0,4,17
55.0,4,18
57.55,4,19
53.07,4,20
50.5,4,21
48.41,4,22
49.59,4,23
43.41,5,0
39.5,5,1
36.44,5,2
35.0,5,3
35.0,5,4
35.5,5,5
37.69,5,6
47.35,5,7
51.18,5,8
51.69,5,9
50.48,5,10
49.78,5,11
49.0,5,12
46.67,5,13
37.69,5,14
35.5,5,15
37.3,5,16
40.0,5,17
50.14,5,18
53.0,5,19
52.02,5,20
48.28,5,21
45.35,5,22
34.5,5,23
32.68,6,0
28.75,6,1
29.48,6,2
28.75,6,3
30.45,6,4
29.48,6,5
28.5,6,6
34.0,6,7
34.5,6,8
33.1,6,9
32.25,6,10
31.25,6,11
30.75,6,12
30.4,6,13
28.33,6,14
28.28,6,15
27.08,6,16
32.25,6,17
46.71,6,18
51.0,6,19
48.27,6,20
40.53,6,21
31.1,6,22
27.95,6,23
25.0,0,0
25.0,0,1
24.23,0,2
25.35,0,3
30.51,0,4
48.88,0,5
50.48,0,6
51.33,0,7
51.08,0,8
49.65,0,9
49.69,0,10
49.26,0,11
46.5,0,12
39.94,0,13
36.07,0,14
34.46,0,15
42.32,0,16
50.48,0,17
57.27,0,18
55.69,0,19
50.69,0,20
48.0,0,21
39.5,0,22
29.86,0,23
28.48,1,0
29.36,1,1
29.86,1,2
35.0,1,3
42.69,1,4
45.35,1,5
53.49,1,6
55.18,1,7
53.98,1,8
52.0,1,9
49.69,1,10
45.35,1,11
45.0,1,12
41.5,1,13
39.5,1,14
41.5,1,15
43.8,1,16
49.69,1,17
53.69,1,18
50.89,1,19
47.02,1,20
41.5,1,21
24.65,1,22
21.9,1,23
19.16,6,0
21.9,6,1
14.9,6,2
24.65,6,3
28.01,6,4
27.51,6,5
33.96,6,6
38.0,6,7
37.17,6,8
35.01,6,9
38.0,6,10
38.12,6,11
30.4,6,12
27.58,6,13
27.56,6,14
27.5,6,15
26.53,6,16
30.0,6,17
39.7,6,18
40.48,6,19
37.97,6,20
28.0,6,21
31.55,6,22
27.22,6,23
26.71,2,0
27.16,2,1
27.39,2,2
29.6,2,3
30.0,2,4
36.0,2,5
39.44,2,6
40.12,2,7
39.44,2,8
39.44,2,9
39.3,2,10
39.19,2,11
39.69,2,12
39.44,2,13
39.69,2,14
40.12,2,15
40.0,2,16
39.69,2,17
50.0,2,18
55.69,2,19
47.58,2,20
40.12,2,21
37.1,2,22
35.05,2,23
27.25,2,0
30.0,2,1
30.0,2,2
27.17,2,3
34.0,2,4
35.0,2,5
36.1,2,6
39.5,2,7
39.1,2,8
39.25,2,9
39.0,2,10
39.25,2,11
40.12,2,12
36.43,2,13
35.68,2,14
34.5,2,15
35.05,2,16
30.0,2,17
36.43,2,18
46.46,2,19
40.12,2,20
37.1,2,21
39.69,2,22
31.91,2,23
22.71,5,0
21.51,5,1
20.0,5,2
19.69,5,3
20.53,5,4
20.53,5,5
25.96,5,6
35.05,5,7
35.93,5,8
35.0,5,9
28.0,5,10
31.34,5,11
28.0,5,12
21.51,5,13
19.64,5,14
19.48,5,15
14.59,5,16
14.59,5,17
25.92,5,18
33.21,5,19
26.92,5,20
17.11,5,21
30.0,5,22
19.51,5,23
14.35,0,0
15.11,0,1
14.35,0,2
14.35,0,3
14.35,0,4
12.2,0,5
14.35,0,6
20.71,0,7
26.0,0,8
28.0,0,9
27.64,0,10
26.02,0,11
26.82,0,12
26.93,0,13
27.07,0,14
27.18,0,15
26.22,0,16
30.57,0,17
39.0,0,18
50.02,0,19
45.0,0,20
42.0,0,21
43.25,0,22
37.94,0,23
31.04,3,0
31.28,3,1
28.34,3,2
30.0,3,3
33.78,3,4
35.3,3,5
41.09,3,6
43.5,3,7
41.79,3,8
40.12,3,9
40.12,3,10
40.12,3,11
37.69,3,12
30.0,3,13
30.0,3,14
30.0,3,15
31.78,3,16
40.32,3,17
43.38,3,18
50.48,3,19
46.76,3,20
43.89,3,21
41.1,3,22
38.4,3,23
34.97,5,0
28.01,5,1
29.28,5,2
36.42,5,3
42.69,5,4
45.69,5,5
50.48,5,6
56.19,5,7
57.69,5,8
55.69,5,9
51.15,5,10
49.95,5,11
45.1,5,12
42.95,5,13
40.75,5,14
42.69,5,15
42.95,5,16
43.1,5,17
50.48,5,18
56.69,5,19
45.69,5,20
40.12,5,21
41.55,5,22
29.15,5,23
27.53,1,0
27.45,1,1
26.76,1,2
27.22,1,3
29.65,1,4
37.05,1,5
41.88,1,6
44.12,1,7
45.1,1,8
45.0,1,9
45.6,1,10
45.1,1,11
43.19,1,12
43.01,1,13
42.95,1,14
42.94,1,15
44.65,1,16
48.0,1,17
52.69,1,18
58.99,1,19
55.11,1,20
50.5,1,21
50.0,1,22
45.52,1,23
40.63,4,0
36.98,4,1
37.0,4,2
39.4,4,3
48.0,4,4
50.1,4,5
53.19,4,6
56.77,4,7
59.6,4,8
57.69,4,9
56.69,4,10
56.18,4,11
52.1,4,12
50.48,4,13
51.49,4,14
52.1,4,15
53.02,4,16
56.18,4,17
59.98,4,18
61.89,4,19
55.0,4,20
51.69,4,21
54.1,4,22
47.02,4,23
42.33,6,0
41.95,6,1
42.05,6,2
42.17,6,3
54.1,6,4
59.2,6,5
61.6,6,6
60.99,6,7
61.69,6,8
60.69,6,9
60.69,6,10
60.19,6,11
59.2,6,12
58.0,6,13
57.6,6,14
59.1,6,15
59.18,6,16
59.03,6,17
60.0,6,18
64.1,6,19
60.85,6,20
60.55,6,21
51.87,6,22
46.85,6,23
42.15,2,0
44.3,2,1
43.38,2,2
43.0,2,3
44.28,2,4
45.03,2,5
50.48,2,6
54.24,2,7
59.23,2,8
57.6,2,9
55.1,2,10
53.69,2,11
52.6,2,12
51.01,2,13
46.18,2,14
44.29,2,15
44.67,2,16
44.3,2,17
51.83,2,18
57.6,2,19
57.17,2,20
55.04,2,21
50.74,2,22
40.54,2,23
36.7,4,0
36.7,4,1
32.01,4,2
31.1,4,3
31.9,4,4
30.0,4,5
29.81,4,6
32.01,4,7
36.7,4,8
31.9,4,9
28.16,4,10
26.88,4,11
25.99,4,12
25.97,4,13
26.92,4,14
27.24,4,15
25.2,4,16
30.0,4,17
40.54,4,18
55.1,4,19
51.48,4,20
47.38,4,21
40.54,4,22
33.99,4,23
32.01,0,0
31.1,0,1
30.45,0,2
34.98,0,3
43.94,0,4
53.0,0,5
56.77,0,6
59.47,0,7
57.48,0,8
53.41,0,9
50.05,0,10
48.88,0,11
47.17,0,12
44.19,0,13
44.23,0,14
46.9,0,15
49.54,0,16
53.0,0,17
57.48,0,18
60.69,0,19
55.32,0,20
47.07,0,21
40.1,0,22
33.83,0,23
31.84,1,0
27.58,1,1
27.08,1,2
29.99,1,3
36.0,1,4
48.07,1,5
50.48,1,6
52.6,1,7
52.99,1,8
51.49,1,9
46.84,1,10
45.0,1,11
44.01,1,12
39.67,1,13
39.75,1,14
41.7,1,15
43.0,1,16
47.5,1,17
50.48,1,18
55.69,1,19
50.94,1,20
45.7,1,21
42.53,1,22
37.69,1,23
34.2,2,0
30.45,2,1
31.1,2,2
34.11,2,3
41.36,2,4
48.1,2,5
51.76,2,6
53.3,2,7
56.1,2,8
55.62,2,9
56.02,2,10
55.01,2,11
52.48,2,12
50.31,2,13
51.5,2,14
52.6,2,15
52.48,2,16
52.6,2,17
57.49,2,18
64.4,2,19
59.2,2,20
54.5,2,21
55.54,2,22
52.0,2,23
45.24,3,0
45.98,3,1
43.76,3,2
43.87,3,3
51.1,3,4
55.54,3,5
55.49,3,6
56.54,3,7
56.54,3,8
56.04,3,9
55.49,3,10
52.48,3,11
50.06,3,12
47.19,3,13
45.25,3,14
44.01,3,15
45.11,3,16
49.31,3,17
55.49,3,18
58.9,3,19
52.48,3,20
48.34,3,21
54.98,3,22
45.25,3,23
43.55,4,0
43.14,4,1
42.17,4,2
43.76,4,3
54.98,4,4
60.1,4,5
60.1,4,6
62.0,4,7
61.6,4,8
60.95,4,9
60.95,4,10
60.12,4,11
57.56,4,12
57.0,4,13
56.5,4,14
57.49,4,15
58.1,4,16
58.1,4,17
62.0,4,18
67.01,4,19
63.69,4,20
60.1,4,21
56.26,4,22
52.1,4,23
49.0,5,0
50.1,5,1
52.02,5,2
50.1,5,3
51.72,5,4
50.1,5,5
53.6,5,6
56.77,5,7
57.01,5,8
54.64,5,9
49.9,5,10
46.89,5,11
39.75,5,12
34.11,5,13
32.0,5,14
31.99,5,15
34.11,5,16
39.24,5,17
50.0,5,18
57.58,5,19
55.76,5,20
50.04,5,21
49.9,5,22
35.0,5,23
33.83,6,0
33.2,6,1
31.99,6,2
31.1,6,3
31.99,6,4
31.0,6,5
32.4,6,6
34.11,6,7
38.8,6,8
39.24,6,9
39.75,6,10
49.9,6,11
39.24,6,12
38.9,6,13
38.8,6,14
34.7,6,15
38.8,6,16
42.33,6,17
57.56,6,18
67.07,6,19
65.3,6,20
61.0,6,21
57.01,6,22
50.0,6,23
45.25,0,0
45.98,0,1
47.39,0,2
50.0,0,3
56.77,0,4
59.5,0,5
62.0,0,6
64.71,0,7
63.5,0,8
61.42,0,9
61.42,0,10
60.1,0,11
59.02,0,12
55.2,0,13
54.48,0,14
54.57,0,15
50.31,0,16
51.72,0,17
56.9,0,18
60.5,0,19
55.03,0,20
44.2,0,21
42.9,0,22
41.0,0,23
38.5,1,0
38.4,1,1
39.3,1,2
41.7,1,3
43.99,1,4
53.19,1,5
57.56,1,6
60.1,1,7
60.1,1,8
58.1,1,9
57.1,1,10
55.08,1,11
50.98,1,12
42.33,1,13
42.17,1,14
43.38,1,15
42.17,1,16
43.3,1,17
52.69,1,18
60.0,1,19
53.69,1,20
44.28,1,21
41.7,1,22
36.59,1,23
36.49,2,0
36.49,2,1
33.01,2,2
36.49,2,3
44.28,2,4
52.49,2,5
57.01,2,6
58.27,2,7
58.64,2,8
58.02,2,9
57.56,2,10
56.51,2,11
50.59,2,12
46.98,2,13
44.69,2,14
49.08,2,15
50.48,2,16
51.0,2,17
57.56,2,18
64.6,2,19
59.85,2,20
58.0,2,21
59.85,2,22
57.1,2,23
52.25,3,0
55.03,3,1
55.0,3,2
55.0,3,3
59.5,3,4
63.1,3,5
65.1,3,6
66.69,3,7
66.89,3,8
65.69,3,9
65.2,3,10
64.19,3,11
62.69,3,12
60.0,3,13
60.0,3,14
60.01,3,15
60.95,3,16
63.65,3,17
65.1,3,18
69.49,3,19
65.1,3,20
61.42,3,21
58.75,3,22
57.1,3,23
54.61,4,0
54.5,4,1
52.2,4,2
54.02,4,3
57.4,4,4
59.96,4,5
60.95,4,6
61.46,4,7
63.1,4,8
61.42,4,9
60.99,4,10
59.23,4,11
56.77,4,12
53.28,4,13
51.72,4,14
52.4,4,15
50.98,4,16
50.76,4,17
54.01,4,18
60.1,4,19
54.5,4,20
49.08,4,21
56.0,4,22
44.69,4,23
37.52,5,0
37.52,5,1
33.1,5,2
33.01,5,3
37.52,5,4
37.52,5,5
40.0,5,6
47.28,5,7
48.96,5,8
49.8,5,9
48.1,5,10
48.96,5,11
47.1,5,12
39.83,5,13
36.94,5,14
37.52,5,15
38.99,5,16
43.99,5,17
52.1,5,18
60.01,5,19
56.1,5,20
49.8,5,21
37.52,5,22
26.86,5,23
21.59,6,0
25.0,6,1
21.59,6,2
21.49,6,3
25.0,6,4
21.69,6,5
25.0,6,6
28.56,6,7
37.52,6,8
37.52,6,9
40.95,6,10
46.0,6,11
37.52,6,12
26.03,6,13
21.49,6,14
21.57,6,15
23.35,6,16
27.84,6,17
35.1,6,18
56.6,6,19
54.1,6,20
40.0,6,21
37.52,6,22
31.51,6,23
27.1,0,0
27.1,0,1
27.1,0,2
29.2,0,3
38.0,0,4
43.94,0,5
48.57,0,6
48.43,0,7
48.28,0,8
48.43,0,9
50.35,0,10
50.1,0,11
45.9,0,12
41.49,0,13
40.41,0,14
43.18,0,15
44.97,0,16
46.88,0,17
50.01,0,18
58.1,0,19
54.85,0,20
51.15,0,21
51.88,0,22
41.38,0,23
39.86,1,0
38.4,1,1
38.4,1,2
39.86,1,3
51.82,1,4
57.2,1,5
59.23,1,6
60.95,1,7
60.49,1,8
60.35,1,9
60.95,1,10
60.99,1,11
60.35,1,12
60.1,1,13
60.12,1,14
60.6,1,15
60.23,1,16
59.69,1,17
60.99,1,18
67.1,1,19
61.42,1,20
60.01,1,21
60.01,1,22
58.1,1,23
56.02,2,0
54.7,2,1
53.02,2,2
55.1,2,3
58.42,2,4
60.95,2,5
62.6,2,6
65.1,2,7
62.85,2,8
62.03,2,9
60.95,2,10
60.6,2,11
57.99,2,12
57.48,2,13
55.62,2,14
57.48,2,15
56.3,2,16
57.6,2,17
60.95,2,18
66.2,2,19
62.42,2,20
60.1,2,21
57.88,2,22
57.58,2,23
55.1,3,0
55.1,3,1
53.52,3,2
54.0,3,3
57.6,3,4
59.85,3,5
59.97,3,6
59.99,3,7
58.55,3,8
55.35,3,9
55.85,3,10
54.52,3,11
49.71,3,12
45.45,3,13
45.25,3,14
45.35,3,15
45.35,3,16
49.1,3,17
55.1,3,18
59.85,3,19
54.57,3,20
45.8,3,21
43.49,3,22
35.5,3,23
35.2,0,0
35.2,0,1
30.6,0,2
30.6,0,3
30.6,0,4
30.0,0,5
30.6,0,6
35.3,0,7
35.2,0,8
35.4,0,9
35.5,0,10
36.8,0,11
32.5,0,12
30.0,0,13
30.0,0,14
30.6,0,15
42.01,0,16
51.4,0,17
55.35,0,18
62.0,0,19
60.01,0,20
57.6,0,21
50.9,0,22
41.77,0,23
38.0,3,0
37.1,3,1
36.9,3,2
36.7,3,3
37.4,3,4
38.0,3,5
41.15,3,6
43.0,3,7
45.12,3,8
44.71,3,9
42.0,3,10
41.6,3,11
37.0,3,12
32.0,3,13
27.5,3,14
28.2,3,15
32.08,3,16
37.1,3,17
46.39,3,18
54.15,3,19
53.5,3,20
47.19,3,21
33.1,3,22
30.2,3,23
27.0,3,0
27.0,3,1
26.87,3,2
27.0,3,3
27.23,3,4
27.0,3,5
29.14,3,6
32.89,3,7
40.07,3,8
40.2,3,9
40.23,3,10
40.23,3,11
40.09,3,12
33.68,3,13
32.4,3,14
40.03,3,15
40.23,3,16
42.46,3,17
55.03,3,18
64.6,3,19
65.01,3,20
60.15,3,21
52.2,3,22
50.5,3,23
44.29,6,0
42.55,6,1
40.74,6,2
41.91,6,3
50.9,6,4
54.1,6,5
58.57,6,6
60.1,6,7
58.57,6,8
55.1,6,9
51.4,6,10
41.6,6,11
39.25,6,12
37.7,6,13
37.13,6,14
38.57,6,15
38.19,6,16
38.19,6,17
40.23,6,18
40.06,6,19
38.31,6,20
27.19,6,21
24.0,6,22
26.04,6,23
25.96,1,0
25.96,1,1
25.93,1,2
27.13,1,3
37.7,1,4
47.02,1,5
54.6,1,6
54.74,1,7
55.08,1,8
54.74,1,9
54.6,1,10
54.23,1,11
50.67,1,12
46.89,1,13
45.25,1,14
50.5,1,15
50.5,1,16
50.5,1,17
54.74,1,18
62.0,1,19
60.01,1,20
54.74,1,21
57.0,1,22
55.0,1,23
49.31,4,0
47.0,4,1
47.0,4,2
52.04,4,3
58.1,4,4
61.01,4,5
65.69,4,6
64.69,4,7
62.01,4,8
61.59,4,9
63.1,4,10
63.1,4,11
63.1,4,12
61.42,4,13
61.59,4,14
62.01,4,15
62.0,4,16
62.0,4,17
64.0,4,18
67.01,4,19
64.2,4,20
60.75,4,21
56.0,4,22
53.1,4,23
49.31,6,0
47.0,6,1
44.02,6,2
44.02,6,3
49.1,6,4
51.72,6,5
57.98,6,6
58.5,6,7
55.1,6,8
53.1,6,9
53.12,6,10
49.2,6,11
42.1,6,12
41.8,6,13
41.8,6,14
42.1,6,15
42.12,6,16
44.79,6,17
51.5,6,18
59.03,6,19
56.77,6,20
43.76,6,21
34.0,6,22
28.91,6,23
27.0,2,0
25.0,2,1
22.05,2,2
23.55,2,3
30.0,2,4
37.7,2,5
39.25,2,6
41.7,2,7
39.02,2,8
38.0,2,9
37.7,2,10
37.7,2,11
35.68,2,12
32.0,2,13
36.8,2,14
38.5,2,15
41.39,2,16
42.1,2,17
52.56,2,18
60.7,2,19
60.95,2,20
58.2,2,21
56.57,2,22
53.0,2,23
51.9,5,0
51.71,5,1
51.01,5,2
51.4,5,3
51.9,5,4
52.1,5,5
55.83,5,6
57.98,5,7
57.98,5,8
57.98,5,9
56.77,5,10
55.68,5,11
55.1,5,12
51.15,5,13
49.6,5,14
48.82,5,15
48.88,5,16
46.89,5,17
49.0,5,18
54.35,5,19
52.0,5,20
49.6,5,21
48.88,5,22
48.36,5,23
45.1,0,0
45.1,0,1
41.29,0,2
41.29,0,3
41.29,0,4
37.63,0,5
38.0,0,6
37.63,0,7
40.13,0,8
42.4,0,9
41.29,0,10
41.2,0,11
37.63,0,12
35.9,0,13
35.1,0,14
35.55,0,15
36.0,0,16
37.63,0,17
41.29,0,18
55.0,0,19
56.55,0,20
50.1,0,21
53.85,0,22
49.06,0,23
45.1,3,0
45.1,3,1
43.98,3,2
47.6,3,3
51.65,3,4
56.0,3,5
59.23,3,6
58.86,3,7
57.6,3,8
56.83,3,9
56.5,3,10
56.7,3,11
54.0,3,12
50.0,3,13
48.36,3,14
49.06,3,15
48.82,3,16
48.1,3,17
52.97,3,18
59.19,3,19
57.6,3,20
51.1,3,21
51.37,3,22
49.06,3,23
46.39,5,0
45.1,5,1
46.91,5,2
49.01,5,3
52.97,5,4
57.6,5,5
60.99,5,6
60.1,5,7
59.0,5,8
57.6,5,9
57.0,5,10
55.79,5,11
54.0,5,12
50.99,5,13
48.29,5,14
49.06,5,15
48.82,5,16
48.82,5,17
52.6,5,18
58.19,5,19
54.56,5,20
49.06,5,21
49.06,5,22
45.13,5,23
43.98,2,0
42.81,2,1
43.98,2,2
44.25,2,3
49.82,2,4
50.7,2,5
55.1,2,6
56.1,2,7
56.2,2,8
55.1,2,9
52.6,2,10
51.36,2,11
48.2,2,12
43.98,2,13
42.02,2,14
43.98,2,15
43.98,2,16
47.6,2,17
51.36,2,18
55.9,2,19
52.0,2,20
50.32,2,21
55.19,2,22
50.0,2,23
45.1,3,0
43.5,3,1
41.0,3,2
44.0,3,3
47.6,3,4
51.61,3,5
55.48,3,6
56.63,3,7
56.1,3,8
55.19,3,9
52.2,3,10
50.56,3,11
42.1,3,12
37.25,3,13
36.66,3,14
36.26,3,15
34.2,3,16
34.2,3,17
36.66,3,18
42.1,3,19
36.86,3,20
31.86,3,21
31.4,3,22
30.0,3,23
29.3,4,0
29.4,4,1
29.4,4,2
31.0,4,3
33.74,4,4
39.5,4,5
49.1,4,6
50.1,4,7
50.0,4,8
50.6,4,9
52.0,4,10
50.1,4,11
48.27,4,12
45.13,4,13
45.1,4,14
45.13,4,15
42.81,4,16
46.0,4,17
48.96,4,18
56.77,4,19
56.02,4,20
48.96,4,21
43.0,4,22
39.5,4,23
33.0,5,0
32.6,5,1
31.4,5,2
30.6,5,3
30.6,5,4
29.9,5,5
32.4,5,6
37.6,5,7
33.0,5,8
33.85,5,9
33.35,5,10
39.3,5,11
36.22,5,12
32.4,5,13
30.6,5,14
30.4,5,15
30.75,5,16
33.85,5,17
31.6,5,18
39.5,5,19
38.5,5,20
32.4,5,21
29.6,5,22
23.2,5,23
18.85,6,0
19.6,6,1
18.85,6,2
18.85,6,3
19.9,6,4
19.6,6,5
23.2,6,6
26.85,6,7
28.74,6,8
31.1,6,9
33.1,6,10
39.5,6,11
36.92,6,12
29.6,6,13
29.1,6,14
28.62,6,15
28.79,6,16
31.1,6,17
39.5,6,18
48.61,6,19
49.1,6,20
42.1,6,21
51.0,6,22
47.9,6,23
45.1,0,0
43.1,0,1
41.97,0,2
47.1,0,3
51.0,0,4
51.0,0,5
55.48,0,6
56.5,0,7
56.02,0,8
55.48,0,9
55.48,0,10
55.1,0,11
54.37,0,12
53.31,0,13
55.48,0,14
55.48,0,15
53.83,0,16
52.7,0,17
53.07,0,18
55.48,0,19
50.6,0,20
47.2,0,21
41.97,0,22
38.4,0,23
34.6,1,0
34.6,1,1
34.4,1,2
34.6,1,3
39.0,1,4
42.71,1,5
39.21,1,6
45.1,1,7
47.4,1,8
48.0,1,9
50.2,1,10
50.6,1,11
47.7,1,12
47.15,1,13
46.9,1,14
45.85,1,15
41.97,1,16
38.5,1,17
38.2,1,18
45.6,1,19
40.9,1,20
39.0,1,21
41.98,1,22
39.0,1,23
38.5,2,0
38.5,2,1
38.5,2,2
41.98,2,3
46.5,2,4
52.0,2,5
56.11,2,6
55.19,2,7
49.1,2,8
47.0,2,9
46.2,2,10
46.0,2,11
45.0,2,12
45.28,2,13
45.6,2,14
46.0,2,15
46.0,2,16
46.1,2,17
48.1,2,18
50.2,2,19
47.75,2,20
45.75,2,21
43.25,2,22
36.58,2,23
34.5,3,0
34.25,3,1
34.25,3,2
35.13,3,3
43.9,3,4
43.0,3,5
46.1,3,6
45.5,3,7
45.16,3,8
49.1,3,9
53.02,3,10
52.1,3,11
48.6,3,12
47.6,3,13
47.6,3,14
46.12,3,15
45.75,3,16
41.98,3,17
41.98,3,18
46.1,3,19
42.75,3,20
43.9,3,21
45.1,3,22
38.5,3,23
38.0,4,0
35.7,4,1
35.7,4,2
38.5,4,3
45.0,4,4
47.15,4,5
45.35,4,6
45.55,4,7
45.0,4,8
45.0,4,9
45.6,4,10
46.1,4,11
45.75,4,12
45.0,4,13
45.55,4,14
45.75,4,15
46.06,4,16
45.87,4,17
47.1,4,18
50.2,4,19
48.0,4,20
45.46,4,21
38.4,4,22
32.0,4,23
30.1,5,0
28.3,5,1
28.07,5,2
28.3,5,3
30.1,5,4
27.9,5,5
35.0,5,6
39.25,5,7
42.1,5,8
42.6,5,9
43.1,5,10
43.6,5,11
39.25,5,12
35.0,5,13
31.0,5,14
29.0,5,15
29.0,5,16
29.57,5,17
32.6,5,18
39.25,5,19
39.25,5,20
32.4,5,21
30.6,5,22
26.5,5,23
27.05,6,0
26.5,6,1
26.5,6,2
26.75,6,3
26.2,6,4
24.8,6,5
25.0,6,6
26.1,6,7
28.29,6,8
35.1,6,9
39.0,6,10
40.1,6,11
39.0,6,12
30.01,6,13
28.42,6,14
28.0,6,15
28.33,6,16
28.29,6,17
37.0,6,18
45.1,6,19
47.85,6,20
42.95,6,21
42.1,6,22
38.5,6,23
38.0,0,0
36.58,0,1
36.58,0,2
38.5,0,3
43.54,0,4
46.17,0,5
48.1,0,6
50.03,0,7
52.0,0,8
52.79,0,9
55.0,0,10
54.49,0,11
54.1,0,12
53.05,0,13
52.1,0,14
53.05,0,15
51.77,0,16
50.04,0,17
51.3,0,18
56.0,0,19
53.85,0,20
49.98,0,21
49.98,0,22
44.88,0,23
40.5,1,0
39.74,1,1
39.74,1,2
42.1,1,3
44.1,1,4
47.97,1,5
50.6,1,6
51.69,1,7
51.69,1,8
51.25,1,9
51.25,1,10
50.1,1,11
48.35,1,12
48.35,1,13
49.05,1,14
49.69,1,15
48.18,1,16
47.02,1,17
48.35,1,18
52.42,1,19
49.98,1,20
45.01,1,21
47.08,1,22
39.5,1,23
36.19,2,0
35.0,2,1
35.0,2,2
35.65,2,3
39.74,2,4
49.98,2,5
52.25,2,6
52.1,2,7
51.25,2,8
52.25,2,9
53.25,2,10
54.1,2,11
52.5,2,12
53.0,2,13
53.69,2,14
53.7,2,15
53.25,2,16
52.93,2,17
53.07,2,18
55.51,2,19
53.25,2,20
51.0,2,21
50.8,2,22
48.1,2,23
45.93,3,0
44.72,3,1
44.72,3,2
46.39,3,3
52.0,3,4
54.05,3,5
55.0,3,6
55.97,3,7
56.15,3,8
56.15,3,9
56.5,3,10
56.15,3,11
54.3,3,12
54.05,3,13
54.05,3,14
54.1,3,15
54.05,3,16
53.51,3,17
53.46,3,18
57.0,3,19
54.98,3,20
52.0,3,21
51.0,3,22
46.5,3,23
45.08,4,0
45.93,4,1
47.08,4,2
51.49,4,3
52.42,4,4
55.97,4,5
58.0,4,6
59.95,4,7
60.69,4,8
60.69,4,9
61.19,4,10
60.1,4,11
57.84,4,12
56.57,4,13
56.23,4,14
55.97,4,15
54.05,4,16
54.01,4,17
54.05,4,18
56.9,4,19
56.0,4,20
53.12,4,21
54.05,4,22
52.25,4,23
51.25,5,0
50.0,5,1
50.0,5,2
50.1,5,3
50.35,5,4
49.98,5,5
51.49,5,6
52.6,5,7
54.23,5,8
55.95,5,9
54.05,5,10
52.53,5,11
51.49,5,12
50.39,5,13
45.28,5,14
44.55,5,15
44.12,5,16
48.18,5,17
50.07,5,18
53.0,5,19
53.0,5,20
51.25,5,21
52.42,5,22
50.1,5,23
47.0,6,0
45.05,6,1
44.63,6,2
44.9,6,3
45.0,6,4
43.57,6,5
45.05,6,6
45.13,6,7
49.95,6,8
51.25,6,9
50.1,6,10
51.0,6,11
49.98,6,12
44.55,6,13
43.55,6,14
42.5,6,15
42.61,6,16
43.57,6,17
45.28,6,18
56.23,6,19
59.91,6,20
53.0,6,21
53.01,6,22
45.65,6,23
44.04,1,0
43.58,1,1
43.98,1,2
44.91,1,3
51.0,1,4
55.76,1,5
59.95,1,6
60.5,1,7
61.29,1,8
61.69,1,9
61.95,1,10
61.29,1,11
60.09,1,12
60.5,1,13
60.69,1,14
60.69,1,15
58.9,1,16
57.0,1,17
57.0,1,18
59.88,1,19
59.6,1,20
55.76,1,21
52.95,1,22
51.0,1,23
48.0,4,0
48.0,4,1
49.19,4,2
52.45,4,3
54.05,4,4
57.49,4,5
60.69,4,6
60.8,4,7
60.95,4,8
61.19,4,9
60.95,4,10
60.5,4,11
57.93,4,12
57.49,4,13
57.49,4,14
58.69,4,15
57.03,4,16
55.0,4,17
56.23,4,18
59.03,4,19
58.0,4,20
54.05,4,21
53.5,4,22
51.04,4,23
46.5,4,0
46.37,4,1
45.65,4,2
47.0,4,3
53.0,4,4
56.6,4,5
59.02,4,6
60.1,4,7
60.21,4,8
60.5,4,9
60.5,4,10
60.09,4,11
57.0,4,12
55.5,4,13
56.23,4,14
57.49,4,15
56.6,4,16
56.0,4,17
56.69,4,18
59.6,4,19
59.03,4,20
54.98,4,21
56.7,4,22
53.5,4,23
49.79,0,0
48.9,0,1
47.3,0,2
49.47,0,3
53.0,0,4
57.48,0,5
59.0,0,6
59.2,0,7
59.14,0,8
59.14,0,9
59.33,0,10
59.0,0,11
57.48,0,12
57.1,0,13
57.48,0,14
59.14,0,15
58.0,0,16
58.0,0,17
58.9,0,18
60.21,0,19
59.95,0,20
56.7,0,21
54.07,0,22
47.5,0,23
45.0,2,0
44.89,2,1
44.99,2,2
45.11,2,3
51.6,2,4
57.5,2,5
60.22,2,6
61.0,2,7
61.22,2,8
61.51,2,9
61.59,2,10
61.49,2,11
60.1,2,12
59.14,2,13
59.09,2,14
59.4,2,15
58.48,2,16
57.5,2,17
58.48,2,18
58.48,2,19
57.07,2,20
53.0,2,21
50.89,2,22
45.06,2,23
43.5,5,0
43.13,5,1
42.94,5,2
42.46,5,3
42.25,5,4
42.46,5,5
44.97,5,6
53.75,5,7
55.53,5,8
57.0,5,9
57.48,5,10
59.49,5,11
57.0,5,12
50.07,5,13
44.35,5,14
44.35,5,15
43.65,5,16
43.49,5,17
44.35,5,18
53.75,5,19
55.53,5,20
45.06,5,21
48.53,5,22
43.0,5,23
41.0,0,0
40.5,0,1
40.5,0,2
40.5,0,3
39.67,0,4
39.0,0,5
40.0,0,6
40.5,0,7
42.93,0,8
47.0,0,9
51.64,0,10
55.53,0,11
55.07,0,12
44.35,0,13
43.99,0,14
43.98,0,15
44.97,0,16
46.97,0,17
44.97,0,18
56.07,0,19
61.1,0,20
56.07,0,21
53.75,0,22
45.01,0,23
43.44,3,0
43.41,3,1
43.01,3,2
43.51,3,3
46.5,3,4
55.53,3,5
59.75,3,6
60.6,3,7
61.6,3,8
62.0,3,9
62.48,3,10
62.48,3,11
60.7,3,12
60.48,3,13
60.6,3,14
61.1,3,15
61.0,3,16
59.75,3,17
59.0,3,18
61.0,3,19
59.7,3,20
54.58,3,21
54.58,3,22
51.6,3,23
46.44,6,0
45.01,6,1
44.82,6,2
45.52,6,3
49.05,6,4
56.07,6,5
62.06,6,6
62.48,6,7
62.48,6,8
62.59,6,9
63.1,6,10
62.69,6,11
62.06,6,12
60.19,6,13
60.1,6,14
61.29,6,15
61.29,6,16
60.3,6,17
60.69,6,18
62.59,6,19
62.48,6,20
60.0,6,21
57.8,6,22
52.6,6,23
50.69,1,0
48.13,1,1
49.0,1,2
50.82,1,3
54.58,1,4
57.07,1,5
61.56,1,6
60.8,1,7
60.69,1,8
60.69,1,9
60.19,1,10
59.6,1,11
55.07,1,12
53.35,1,13
54.58,1,14
56.63,1,15
59.6,1,16
60.19,1,17
61.0,1,18
62.48,1,19
62.48,1,20
60.8,1,21
62.22,1,22
59.69,1,23
54.2,4,0
52.45,4,1
52.44,4,2
53.92,4,3
55.53,4,4
59.75,4,5
62.59,4,6
64.19,4,7
65.19,4,8
65.69,4,9
65.69,4,10
65.19,4,11
62.5,4,12
60.0,4,13
60.3,4,14
61.26,4,15
62.0,4,16
61.26,4,17
62.51,4,18
64.5,4,19
65.0,4,20
64.1,4,21
62.69,4,22
60.49,4,23
57.2,6,0
53.75,6,1
50.0,6,2
49.41,6,3
54.58,6,4
59.75,6,5
62.07,6,6
62.5,6,7
62.6,6,8
62.5,6,9
62.5,6,10
62.07,6,11
58.21,6,12
54.58,6,13
53.75,6,14
54.59,6,15
54.58,6,16
54.69,6,17
58.95,6,18
62.03,6,19
62.19,6,20
61.41,6,21
60.21,6,22
58.95,6,23
55.1,5,0
52.78,5,1
53.44,5,2
53.6,5,3
52.78,5,4
52.1,5,5
57.07,5,6
60.0,5,7
62.19,5,8
62.23,5,9
62.13,5,10
60.15,5,11
58.1,5,12
53.6,5,13
47.91,5,14
47.59,5,15
50.65,5,16
55.0,5,17
57.07,5,18
60.0,5,19
62.13,5,20
58.21,5,21
55.67,5,22
48.44,5,23
45.0,6,0
44.35,6,1
43.75,6,2
44.09,6,3
44.0,6,4
43.44,6,5
44.98,6,6
46.6,6,7
48.35,6,8
51.5,6,9
53.1,6,10
54.6,6,11
53.75,6,12
51.24,6,13
48.1,6,14
48.3,6,15
51.53,6,16
55.67,6,17
56.61,6,18
62.19,6,19
64.0,6,20
61.57,6,21
54.49,6,22
47.5,6,23
44.35,0,0
43.44,0,1
42.87,0,2
43.44,0,3
48.0,0,4
53.75,0,5
59.75,0,6
62.48,0,7
62.95,0,8
62.69,0,9
63.95,0,10
62.95,0,11
62.19,0,12
60.1,0,13
60.0,0,14
60.1,0,15
59.75,0,16
57.0,0,17
58.1,0,18
58.95,0,19
57.69,0,20
52.78,0,21
52.37,0,22
46.44,0,23
44.37,1,0
43.62,1,1
43.62,1,2
44.35,1,3
46.6,1,4
53.75,1,5
56.61,1,6
58.64,1,7
58.3,1,8
58.1,1,9
59.75,1,10
59.75,1,11
56.61,1,12
55.67,1,13
56.0,1,14
56.13,1,15
55.67,1,16
55.98,1,17
56.61,1,18
57.69,1,19
56.19,1,20
51.6,1,21
47.05,1,22
43.0,1,23
42.43,2,0
39.05,2,1
38.55,2,2
39.0,2,3
42.43,2,4
52.7,2,5
56.13,2,6
56.61,2,7
56.61,2,8
56.13,2,9
56.13,2,10
56.13,2,11
52.5,2,12
47.05,2,13
49.72,2,14
51.13,2,15
47.05,2,16
44.98,2,17
46.19,2,18
51.42,2,19
50.76,2,20
42.43,2,21
38.45,2,22
33.92,2,23
30.13,3,0
28.6,3,1
28.56,3,2
30.4,3,3
34.99,3,4
42.37,3,5
44.19,3,6
50.07,3,7
51.73,3,8
52.9,3,9
55.13,3,10
55.1,3,11
52.69,3,12
47.05,3,13
52.69,3,14
53.2,3,15
52.69,3,16
52.1,3,17
54.0,3,18
56.05,3,19
55.67,3,20
43.8,3,21
41.4,3,22
35.6,3,23
33.55,4,0
33.55,4,1
33.55,4,2
33.92,4,3
41.01,4,4
50.4,4,5
56.61,4,6
56.61,4,7
57.19,4,8
56.61,4,9
57.87,4,10
57.05,4,11
55.32,4,12
54.6,4,13
54.6,4,14
54.05,4,15
52.3,4,16
47.67,4,17
49.44,4,18
53.61,4,19
53.1,4,20
43.8,4,21
46.03,4,22
41.0,4,23
37.0,5,0
35.4,5,1
33.52,5,2
33.52,5,3
33.52,5,4
36.6,5,5
42.5,5,6
48.15,5,7
53.05,5,8
53.95,5,9
54.1,5,10
54.55,5,11
53.1,5,12
49.77,5,13
45.14,5,14
43.88,5,15
45.93,5,16
48.15,5,17
52.9,5,18
55.3,5,19
56.13,5,20
53.81,5,21
44.2,5,22
41.71,5,23
41.13,6,0
40.85,6,1
40.35,6,2
40.6,6,3
40.85,6,4
40.0,6,5
41.71,6,6
41.8,6,7
48.85,6,8
53.48,6,9
52.1,6,10
53.61,6,11
52.1,6,12
43.5,6,13
42.87,6,14
42.87,6,15
52.1,6,16
53.9,6,17
54.8,6,18
56.3,6,19
60.21,6,20
56.6,6,21
58.0,6,22
53.48,6,23
52.67,0,0
53.0,0,1
52.1,0,2
53.86,0,3
59.6,0,4
62.5,0,5
65.48,0,6
66.99,0,7
66.05,0,8
65.98,0,9
65.48,0,10
64.3,0,11
61.54,0,12
59.04,0,13
61.0,0,14
62.13,0,15
61.54,0,16
60.99,0,17
62.19,0,18
64.83,0,19
64.15,0,20
61.54,0,21
62.21,0,22
59.13,0,23
53.75,1,0
53.0,1,1
53.0,1,2
53.48,1,3
59.13,1,4
61.45,1,5
64.19,1,6
64.69,1,7
65.0,1,8
65.02,1,9
65.0,1,10
62.99,1,11
57.1,1,12
53.22,1,13
53.0,1,14
53.75,1,15
53.6,1,16
53.75,1,17
58.67,1,18
62.21,1,19
62.5,1,20
55.0,1,21
55.5,1,22
53.75,1,23
50.63,2,0
49.96,2,1
50.0,2,2
53.22,2,3
58.67,2,4
60.69,2,5
64.13,2,6
64.19,2,7
64.19,2,8
64.19,2,9
64.69,2,10
64.19,2,11
60.8,2,12
59.61,2,13
60.03,2,14
60.8,2,15
60.6,2,16
59.61,2,17
60.67,2,18
63.33,2,19
64.0,2,20
59.61,2,21
59.7,2,22
58.9,2,23
55.0,3,0
53.6,3,1
53.62,3,2
58.67,3,3
60.8,3,4
62.69,3,5
64.19,3,6
64.69,3,7
65.01,3,8
65.19,3,9
65.19,3,10
64.19,3,11
61.0,3,12
59.7,3,13
60.5,3,14
62.0,3,15
61.49,3,16
59.61,3,17
59.61,3,18
63.52,3,19
64.03,3,20
59.61,3,21
63.6,3,22
61.0,3,23
59.13,4,0
59.32,4,1
59.51,4,2
60.18,4,3
62.21,4,4
64.13,4,5
65.57,4,6
67.0,4,7
67.1,4,8
67.57,4,9
67.1,4,10
66.1,4,11
63.33,4,12
61.75,4,13
61.1,4,14
62.1,4,15
62.0,4,16
61.94,4,17
60.8,4,18
61.0,4,19
60.53,4,20
56.1,4,21
52.65,4,22
46.64,4,23
45.69,5,0
45.99,5,1
46.02,5,2
46.03,5,3
46.71,5,4
48.14,5,5
59.61,5,6
64.19,5,7
64.23,5,8
65.0,5,9
65.0,5,10
65.0,5,11
62.69,5,12
59.61,5,13
58.67,5,14
58.6,5,15
59.0,5,16
56.03,5,17
57.8,5,18
59.13,5,19
60.5,5,20
52.65,5,21
53.75,5,22
46.64,5,23
45.64,6,0
45.5,6,1
45.55,6,2
45.64,6,3
46.64,6,4
45.79,6,5
48.11,6,6
46.64,6,7
48.11,6,8
52.34,6,9
53.75,6,10
57.19,6,11
53.6,6,12
48.11,6,13
46.37,6,14
45.45,6,15
45.64,6,16
46.37,6,17
48.11,6,18
56.6,6,19
61.1,6,20
56.87,6,21
48.79,6,22
46.25,6,23
46.25,0,0
46.37,0,1
46.71,0,2
48.9,0,3
59.13,0,4
62.0,0,5
64.13,0,6
64.19,0,7
66.0,0,8
66.5,0,9
67.08,0,10
65.57,0,11
61.87,0,12
61.0,0,13
60.94,0,14
62.5,0,15
62.21,0,16
62.0,0,17
61.87,0,18
63.01,0,19
62.7,0,20
59.75,0,21
59.75,0,22
52.65,0,23
49.0,1,0
49.34,1,1
50.0,1,2
52.48,1,3
56.9,1,4
59.75,1,5
62.69,1,6
64.08,1,7
65.0,1,8
66.5,1,9
66.21,1,10
64.23,1,11
60.69,1,12
59.0,1,13
58.25,1,14
59.61,1,15
59.61,1,16
59.61,1,17
60.69,1,18
62.21,1,19
61.87,1,20
56.25,1,21
59.52,1,22
51.1,1,23
47.5,2,0
48.5,2,1
48.79,2,2
50.51,2,3
59.13,2,4
60.8,2,5
61.87,2,6
64.23,2,7
66.5,2,8
67.1,2,9
66.1,2,10
65.0,2,11
59.75,2,12
59.61,2,13
59.53,2,14
61.1,2,15
61.1,2,16
61.1,2,17
61.87,2,18
63.71,2,19
64.1,2,20
59.13,2,21
60.12,2,22
55.0,2,23
51.31,5,0
52.64,5,1
55.92,5,2
59.0,5,3
61.3,5,4
63.0,5,5
65.19,5,6
69.01,5,7
69.98,5,8
70.02,5,9
70.69,5,10
69.98,5,11
69.1,5,12
68.0,5,13
67.1,5,14
68.09,5,15
67.9,5,16
65.69,5,17
64.23,5,18
65.11,5,19
65.19,5,20
62.0,5,21
60.61,5,22
56.9,5,23
57.88,5,0
59.67,5,1
60.0,5,2
59.67,5,3
60.1,5,4
62.0,5,5
63.19,5,6
65.01,5,7
66.1,5,8
65.69,5,9
64.69,5,10
61.6,5,11
55.24,5,12
54.99,5,13
51.7,5,14
60.0,5,15
58.94,5,16
57.34,5,17
57.8,5,18
62.37,5,19
63.1,5,20
59.67,5,21
59.69,5,22
51.1,5,23
49.35,1,0
49.0,1,1
49.66,1,2
49.8,1,3
50.48,1,4
50.47,1,5
59.69,1,6
62.29,1,7
64.69,1,8
65.69,1,9
65.15,1,10
64.41,1,11
62.29,1,12
54.5,1,13
50.47,1,14
49.99,1,15
50.48,1,16
50.84,1,17
60.1,1,18
64.33,1,19
64.41,1,20
59.69,1,21
61.11,1,22
50.84,1,23
46.85,3,0
45.64,3,1
45.61,3,2
45.45,3,3
45.64,3,4
44.32,3,5
45.64,3,6
47.35,3,7
50.84,3,8
55.1,3,9
59.42,3,10
60.1,3,11
59.42,3,12
55.1,3,13
48.1,3,14
47.8,3,15
47.8,3,16
48.1,3,17
50.84,3,18
64.13,3,19
65.57,3,20
60.53,3,21
49.99,3,22
46.6,3,23
46.02,6,0
46.37,6,1
46.71,6,2
49.0,6,3
57.0,6,4
59.69,6,5
62.0,6,6
67.17,6,7
68.99,6,8
69.1,6,9
68.99,6,10
67.0,6,11
63.1,6,12
59.69,6,13
59.69,6,14
60.11,6,15
60.11,6,16
65.0,6,17
65.05,6,18
64.41,6,19
65.15,6,20
60.49,6,21
62.7,6,22
60.0,6,23
50.84,1,0
51.0,1,1
51.57,1,2
56.9,1,3
62.0,1,4
62.5,1,5
65.0,1,6
67.48,1,7
68.6,1,8
69.0,1,9
69.01,1,10
68.09,1,11
64.89,1,12
63.96,1,13
62.7,1,14
62.73,1,15
61.61,1,16
59.69,1,17
54.07,1,18
56.4,1,19
59.69,1,20
55.0,1,21
60.53,1,22
51.28,1,23
48.5,4,0
48.5,4,1
48.5,4,2
48.5,4,3
52.13,4,4
52.34,4,5
59.69,4,6
64.0,4,7
65.1,4,8
67.08,4,9
68.15,4,10
68.1,4,11
66.54,4,12
64.41,4,13
64.13,4,14
64.18,4,15
62.5,4,16
60.25,4,17
60.11,4,18
61.57,4,19
61.11,4,20
55.0,4,21
49.99,4,22
47.98,4,23
45.88,0,0
45.79,0,1
45.79,0,2
45.88,0,3
48.09,0,4
48.69,0,5
50.52,0,6
59.69,0,7
62.52,0,8
65.0,0,9
67.0,0,10
67.57,0,11
65.6,0,12
66.6,0,13
68.99,0,14
69.43,0,15
68.99,0,16
68.99,0,17
68.6,0,18
69.48,0,19
69.5,0,20
67.0,0,21
64.69,0,22
63.2,0,23
61.69,2,0
61.0,2,1
60.53,2,2
60.53,2,3
62.5,2,4
62.52,2,5
64.69,2,6
66.1,2,7
66.1,2,8
66.9,2,9
67.03,2,10
65.4,2,11
63.79,2,12
62.1,2,13
62.29,2,14
62.7,2,15
62.29,2,16
61.98,2,17
62.0,2,18
62.52,2,19
62.52,2,20
55.68,2,21
60.25,2,22
51.59,2,23
48.5,5,0
48.2,5,1
46.84,5,2
46.52,5,3
46.73,5,4
45.6,5,5
48.5,5,6
51.31,5,7
60.89,5,8
63.31,5,9
64.31,5,10
65.28,5,11
63.31,5,12
60.6,5,13
57.1,5,14
54.02,5,15
54.61,5,16
56.5,5,17
60.83,5,18
63.31,5,19
63.6,5,20
60.6,5,21
61.78,5,22
50.84,5,23
48.7,0,0
48.3,0,1
47.3,0,2
46.73,0,3
46.27,0,4
44.59,0,5
45.97,0,6
46.27,0,7
48.8,0,8
53.08,0,9
57.07,0,10
61.78,0,11
61.38,0,12
53.97,0,13
50.63,0,14
49.1,0,15
49.2,0,16
48.7,0,17
50.84,0,18
61.38,0,19
64.8,0,20
60.79,0,21
61.26,0,22
48.5,0,23
47.98,0,0
47.98,0,1
47.85,0,2
48.7,0,3
61.26,0,4
62.43,0,5
65.1,0,6
66.47,0,7
68.1,0,8
69.69,0,9
70.6,0,10
70.25,0,11
69.0,0,12
67.6,0,13
69.1,0,14
69.27,0,15
68.1,0,16
65.42,0,17
63.8,0,18
65.42,0,19
65.85,0,20
60.6,0,21
61.1,0,22
53.21,0,23
48.7,1,0
48.5,1,1
49.28,1,2
48.5,1,3
53.98,1,4
52.0,1,5
60.98,1,6
64.0,1,7
66.59,1,8
69.1,1,9
69.69,1,10
69.69,1,11
67.5,1,12
65.6,1,13
66.4,1,14
66.1,1,15
64.34,1,16
61.66,1,17
60.98,1,18
62.22,1,19
63.15,1,20
56.81,1,21
60.43,1,22
50.85,1,23
49.46,2,0
47.98,2,1
47.98,2,2
48.8,2,3
56.47,2,4
61.57,2,5
64.5,2,6
66.6,2,7
68.1,2,8
69.48,2,9
69.69,2,10
69.48,2,11
67.03,2,12
65.51,2,13
65.51,2,14
65.51,2,15
65.32,2,16
63.71,2,17
62.89,2,18
65.1,2,19
65.51,2,20
60.7,2,21
63.77,2,22
59.0,2,23
52.0,3,0
53.46,3,1
50.73,3,2
51.2,3,3
61.43,3,4
65.46,3,5
65.46,3,6
68.6,3,7
68.69,3,8
69.1,3,9
69.5,3,10
69.36,3,11
66.66,3,12
64.6,3,13
65.1,3,14
66.94,3,15
68.14,3,16
68.27,3,17
69.01,3,18
70.0,3,19
70.1,3,20
65.46,3,21
63.0,3,22
51.2,3,23
50.6,4,0
50.89,4,1
51.1,4,2
53.99,4,3
62.0,4,4
62.93,4,5
64.03,4,6
68.8,4,7
69.73,4,8
70.0,4,9
69.73,4,10
69.08,4,11
66.96,4,12
63.28,4,13
63.08,4,14
65.27,4,15
66.96,4,16
67.98,4,17
68.16,4,18
68.9,4,19
69.08,4,20
66.96,4,21
69.48,4,22
67.6,4,23
62.47,5,0
61.0,5,1
57.1,5,2
54.34,5,3
54.04,5,4
51.36,5,5
64.63,5,6
68.1,5,7
68.16,5,8
69.0,5,9
68.69,5,10
67.6,5,11
62.93,5,12
51.1,5,13
49.99,5,14
50.63,5,15
51.5,5,16
61.0,5,17
66.96,5,18
70.0,5,19
71.0,5,20
67.6,5,21
69.01,5,22
62.93,5,23
54.33,6,0
50.7,6,1
49.66,6,2
47.98,6,3
47.85,6,4
45.94,6,5
46.92,6,6
48.73,6,7
51.58,6,8
54.33,6,9
57.2,6,10
62.47,6,11
60.0,6,12
52.35,6,13
50.7,6,14
51.0,6,15
52.35,6,16
54.32,6,17
65.27,6,18
71.03,6,19
72.48,6,20
70.3,6,21
63.29,6,22
52.35,6,23
50.0,0,0
48.67,0,1
47.98,0,2
49.81,0,3
52.85,0,4
62.24,0,5
63.6,0,6
69.48,0,7
71.56,0,8
71.82,0,9
72.15,0,10
72.0,0,11
70.78,0,12
69.1,0,13
69.1,0,14
70.0,0,15
69.34,0,16
68.16,0,17
67.63,0,18
69.0,0,19
69.0,0,20
63.0,0,21
65.74,0,22
59.0,0,23
52.91,1,0
52.85,1,1
52.6,1,2
52.85,1,3
62.1,1,4
65.49,1,5
68.16,1,6
70.3,1,7
71.0,1,8
71.35,1,9
71.65,1,10
71.41,1,11
69.73,1,12
69.03,1,13
68.5,1,14
69.1,1,15
66.96,1,16
66.39,1,17
65.27,1,18
68.16,1,19
69.34,1,20
66.1,1,21
65.74,1,22
61.2,1,23
53.59,2,0
52.54,2,1
51.5,2,2
51.33,2,3
56.01,2,4
63.03,2,5
66.01,2,6
69.0,2,7
70.01,2,8
70.49,2,9
71.0,2,10
70.6,2,11
69.68,2,12
68.98,2,13
68.98,2,14
68.16,2,15
66.21,2,16
65.27,2,17
64.03,2,18
66.1,2,19
66.1,2,20
61.1,2,21
61.23,2,22
51.5,2,23
49.99,3,0
50.84,3,1
51.25,3,2
51.74,3,3
62.0,3,4
66.8,3,5
68.98,3,6
69.48,3,7
70.2,3,8
70.49,3,9
70.81,3,10
70.81,3,11
69.73,3,12
68.98,3,13
69.1,3,14
69.48,3,15
68.98,3,16
67.59,3,17
66.96,3,18
68.16,3,19
68.98,3,20
64.03,3,21
64.1,3,22
52.54,3,23
50.25,4,0
49.5,4,1
48.5,4,2
49.5,4,3
51.33,4,4
62.5,4,5
66.22,4,6
68.6,4,7
68.98,4,8
69.1,4,9
70.0,4,10
68.98,4,11
66.2,4,12
63.07,4,13
62.47,4,14
61.49,4,15
58.75,4,16
54.32,4,17
54.34,4,18
60.0,4,19
60.5,4,20
51.75,4,21
47.85,4,22
45.5,4,23
43.5,5,0
40.78,5,1
39.91,5,2
40.5,5,3
40.94,5,4
40.5,5,5
45.0,5,6
46.67,5,7
48.67,5,8
58.6,5,9
62.19,5,10
62.93,5,11
58.6,5,12
52.81,5,13
51.36,5,14
51.57,5,15
51.25,5,16
53.0,5,17
61.09,5,18
64.6,5,19
67.1,5,20
62.93,5,21
62.1,5,22
51.8,5,23
48.0,6,0
47.45,6,1
47.35,6,2
46.78,6,3
46.41,6,4
44.54,6,5
45.1,6,6
46.41,6,7
47.0,6,8
47.85,6,9
48.1,6,10
47.85,6,11
46.61,6,12
44.72,6,13
43.41,6,14
42.75,6,15
44.72,6,16
45.69,6,17
48.0,6,18
62.93,6,19
68.16,6,20
63.29,6,21
47.55,6,22
45.61,6,23
44.54,0,0
43.8,0,1
42.75,0,2
44.72,0,3
46.69,0,4
52.12,0,5
63.96,0,6
68.0,0,7
69.01,0,8
70.3,0,9
71.2,0,10
70.79,0,11
68.69,0,12
68.1,0,13
68.1,0,14
68.46,0,15
68.0,0,16
67.4,0,17
67.0,0,18
68.1,0,19
68.1,0,20
62.69,0,21
61.98,0,22
52.54,0,23
49.61,1,0
49.0,1,1
49.0,1,2
50.0,1,3
59.1,1,4
62.93,1,5
66.12,1,6
69.1,1,7
70.0,1,8
71.02,1,9
71.67,1,10
71.02,1,11
68.46,1,12
66.71,1,13
66.7,1,14
66.5,1,15
64.8,1,16
63.49,1,17
63.49,1,18
66.1,1,19
66.2,1,20
60.1,1,21
61.98,1,22
51.6,1,23
48.6,2,0
49.0,2,1
48.1,2,2
49.08,2,3
57.1,2,4
62.93,2,5
66.0,2,6
68.3,2,7
68.46,2,8
70.0,2,9
70.68,2,10
70.01,2,11
67.1,2,12
65.1,2,13
63.49,2,14
62.57,2,15
59.68,2,16
57.1,2,17
54.72,2,18
62.1,2,19
62.93,2,20
54.72,2,21
49.1,2,22
46.79,2,23
45.5,3,0
45.0,3,1
42.8,3,2
44.7,3,3
45.8,3,4
47.36,3,5
54.1,3,6
61.98,3,7
62.47,3,8
63.27,3,9
64.03,3,10
64.27,3,11
62.6,3,12
62.0,3,13
62.1,3,14
62.47,3,15
60.91,3,16
59.1,3,17
61.57,3,18
63.49,3,19
63.49,3,20
57.1,3,21
55.01,3,22
47.87,3,23
46.79,4,0
46.61,4,1
46.37,4,2
46.61,4,3
48.0,4,4
52.57,4,5
59.0,4,6
62.93,4,7
63.93,4,8
63.29,4,9
63.29,4,10
62.1,4,11
59.49,4,12
57.63,4,13
57.1,4,14
57.97,4,15
53.87,4,16
53.0,4,17
56.57,4,18
60.22,4,19
60.47,4,20
54.71,4,21
49.0,4,22
46.86,4,23
45.68,3,0
44.99,3,1
44.81,3,2
44.68,3,3
44.81,3,4
44.81,3,5
46.85,3,6
49.0,3,7
54.36,3,8
61.98,3,9
62.47,3,10
62.93,3,11
61.98,3,12
57.48,3,13
54.38,3,14
54.36,3,15
52.04,3,16
54.38,3,17
60.33,3,18
66.0,3,19
63.6,3,20
55.5,3,21
52.54,3,22
46.86,3,23
44.98,6,0
44.68,6,1
43.56,6,2
42.32,6,3
41.0,6,4
40.16,6,5
40.16,6,6
40.3,6,7
43.25,6,8
43.39,6,9
43.28,6,10
42.68,6,11
41.0,6,12
40.16,6,13
40.16,6,14
40.16,6,15
42.56,6,16
44.76,6,17
48.62,6,18
63.5,6,19
66.78,6,20
61.98,6,21
61.98,6,22
48.62,6,23
46.85,6,0
46.85,6,1
46.85,6,2
47.1,6,3
60.0,6,4
63.49,6,5
66.1,6,6
68.82,6,7
70.0,6,8
69.67,6,9
69.4,6,10
68.69,6,11
63.49,6,12
62.47,6,13
61.98,6,14
62.93,6,15
62.93,6,16
62.93,6,17
63.03,6,18
68.46,6,19
67.6,6,20
61.98,6,21
62.47,6,22
51.79,6,23
48.5,2,0
48.34,2,1
48.09,2,2
48.5,2,3
52.54,2,4
54.36,2,5
61.1,2,6
65.48,2,7
66.99,2,8
68.46,2,9
69.17,2,10
69.69,2,11
68.46,2,12
66.96,2,13
66.96,2,14
66.99,2,15
66.57,2,16
65.48,2,17
65.48,2,18
68.72,2,19
66.99,2,20
62.93,2,21
63.48,2,22
58.21,2,23
51.0,4,0
50.13,4,1
50.0,4,2
50.0,4,3
55.98,4,4
62.47,4,5
64.99,4,6
67.44,4,7
67.57,4,8
68.56,4,9
68.46,4,10
67.0,4,11
63.48,4,12
59.7,4,13
58.26,4,14
60.5,4,15
61.39,4,16
62.47,4,17
63.98,4,18
68.56,4,19
67.94,4,20
62.93,4,21
62.47,4,22
60.98,4,23
54.04,0,0
51.11,0,1
50.65,0,2
52.67,0,3
60.98,0,4
62.48,0,5
64.03,0,6
68.1,0,7
69.01,0,8
69.47,0,9
69.69,0,10
68.77,0,11
65.27,0,12
62.5,0,13
61.99,0,14
62.47,0,15
62.47,0,16
61.99,0,17
62.93,0,18
68.1,0,19
66.6,0,20
61.1,0,21
63.6,0,22
61.1,0,23
50.72,2,0
49.69,2,1
49.5,2,2
49.95,2,3
61.0,2,4
62.93,2,5
65.03,2,6
69.53,2,7
70.66,2,8
71.51,2,9
71.69,2,10
71.69,2,11
70.0,2,12
69.0,2,13
67.1,2,14
66.96,2,15
64.5,2,16
62.52,2,17
61.68,2,18
64.11,2,19
61.68,2,20
51.68,2,21
52.0,2,22
48.75,2,23
46.94,5,0
45.13,5,1
44.93,5,2
44.51,5,3
44.51,5,4
43.49,5,5
45.59,5,6
49.04,5,7
57.35,5,8
63.24,5,9
64.18,5,10
65.75,5,11
64.18,5,12
63.29,5,13
61.1,5,14
58.79,5,15
56.01,5,16
57.0,5,17
61.1,5,18
65.27,5,19
64.18,5,20
52.0,5,21
46.94,5,22
45.0,5,23
43.49,1,0
41.5,1,1
40.61,1,2
40.51,1,3
40.51,1,4
35.14,1,5
39.52,1,6
41.65,1,7
43.97,1,8
44.86,1,9
45.0,1,10
46.17,1,11
46.48,1,12
45.11,1,13
45.11,1,14
45.0,1,15
46.17,1,16
46.94,1,17
53.0,1,18
65.81,1,19
66.9,1,20
59.69,1,21
51.25,1,22
48.1,1,23
47.57,3,0
47.57,3,1
48.0,3,2
48.04,3,3
53.56,3,4
55.89,3,5
60.1,3,6
66.0,3,7
67.1,3,8
67.1,3,9
67.1,3,10
67.1,3,11
65.25,3,12
64.98,3,13
64.98,3,14
65.01,3,15
65.01,3,16
64.98,3,17
65.0,3,18
68.3,3,19
67.1,3,20
61.6,3,21
63.29,3,22
54.07,3,23
49.25,6,0
49.0,6,1
49.0,6,2
49.5,6,3
57.17,6,4
63.0,6,5
64.0,6,6
67.1,6,7
67.8,6,8
68.46,6,9
68.46,6,10
68.58,6,11
67.0,6,12
65.48,6,13
65.0,6,14
65.25,6,15
64.18,6,16
64.18,6,17
64.36,6,18
67.7,6,19
66.25,6,20
62.47,6,21
62.01,6,22
53.56,6,23
49.64,1,0
49.9,1,1
50.01,1,2
50.1,1,3
58.64,1,4
62.01,1,5
62.47,1,6
67.1,1,7
67.57,1,8
67.66,1,9
67.7,1,10
67.69,1,11
65.48,1,12
62.47,1,13
59.3,1,14
59.48,1,15
56.37,1,16
54.07,1,17
54.07,1,18
64.18,1,19
62.47,1,20
54.0,1,21
57.6,1,22
49.25,1,23
47.16,3,0
46.5,3,1
46.5,3,2
46.48,3,3
46.5,3,4
47.16,3,5
48.5,3,6
59.1,3,7
61.43,3,8
61.68,3,9
61.43,3,10
59.3,3,11
49.64,3,12
48.29,3,13
48.05,3,14
48.1,3,15
48.29,3,16
48.9,3,17
49.97,3,18
62.48,3,19
62.24,3,20
50.03,3,21
46.17,3,22
44.51,3,23
42.47,4,0
40.89,4,1
40.89,4,2
40.9,4,3
44.51,4,4
46.85,4,5
49.04,4,6
60.28,4,7
63.6,4,8
65.3,4,9
67.48,4,10
67.48,4,11
65.27,4,12
62.0,4,13
59.25,4,14
59.0,4,15
58.03,4,16
57.6,4,17
59.5,4,18
65.3,4,19
64.0,4,20
55.0,4,21
51.15,4,22
49.98,4,23
48.94,5,0
47.94,5,1
46.93,5,2
46.18,5,3
47.68,5,4
45.39,5,5
46.54,5,6
48.0,5,7
48.0,5,8
48.5,5,9
48.94,5,10
48.94,5,11
47.94,5,12
44.9,5,13
44.14,5,14
44.0,5,15
44.34,5,16
45.7,5,17
49.93,5,18
64.18,5,19
64.18,5,20
57.0,5,21
55.0,5,22
49.98,5,23
48.94,6,0
48.48,6,1
48.94,6,2
48.48,6,3
49.92,6,4
48.48,6,5
49.63,6,6
49.98,6,7
49.98,6,8
49.98,6,9
49.98,6,10
49.98,6,11
49.98,6,12
47.95,6,13
47.0,6,14
47.94,6,15
47.95,6,16
49.98,6,17
57.9,6,18
70.0,6,19
69.19,6,20
63.6,6,21
55.45,6,22
49.92,6,23
47.94,0,0
47.94,0,1
47.94,0,2
47.94,0,3
49.98,0,4
60.9,0,5
62.47,0,6
65.1,0,7
66.0,0,8
68.46,0,9
69.2,0,10
69.01,0,11
67.78,0,12
64.18,0,13
64.18,0,14
64.18,0,15
63.85,0,16
62.6,0,17
62.47,0,18
65.1,0,19
62.6,0,20
55.0,0,21
49.56,0,22
46.89,0,23
45.63,1,0
45.54,1,1
45.19,1,2
45.7,1,3
47.57,1,4
49.63,1,5
54.05,1,6
61.5,1,7
62.6,1,8
63.49,1,9
64.0,1,10
64.1,1,11
63.49,1,12
62.48,1,13
62.48,1,14
61.7,1,15
61.1,1,16
56.1,1,17
57.57,1,18
62.48,1,19
60.03,1,20
49.5,1,21
48.1,1,22
44.34,1,23
43.15,2,0
44.15,2,1
44.3,2,2
44.52,2,3
47.7,2,4
49.04,2,5
53.0,2,6
63.69,2,7
64.3,2,8
64.6,2,9
65.4,2,10
66.1,2,11
65.1,2,12
64.48,2,13
64.48,2,14
64.48,2,15
64.48,2,16
63.5,2,17
64.1,2,18
65.19,2,19
64.0,2,20
54.03,2,21
48.48,2,22
47.53,2,23
45.78,3,0
45.54,3,1
45.99,3,2
47.53,3,3
48.48,3,4
51.13,3,5
61.48,3,6
64.1,3,7
64.18,3,8
64.1,3,9
64.18,3,10
64.1,3,11
62.47,3,12
61.48,3,13
61.48,3,14
61.68,3,15
62.47,3,16
62.0,3,17
63.0,3,18
64.75,3,19
63.8,3,20
59.9,3,21
60.0,3,22
51.12,3,23
49.72,4,0
49.5,4,1
49.5,4,2
49.8,4,3
55.4,4,4
64.18,4,5
65.4,4,6
68.1,4,7
68.1,4,8
68.46,4,9
68.46,4,10
68.09,4,11
65.3,4,12
63.8,4,13
62.47,4,14
63.93,4,15
64.18,4,16
64.69,4,17
65.4,4,18
68.58,4,19
66.69,4,20
64.01,4,21
63.5,4,22
57.31,4,23
49.86,5,0
49.85,5,1
49.31,5,2
49.31,5,3
49.85,5,4
49.85,5,5
61.1,5,6
64.1,5,7
64.1,5,8
64.1,5,9
64.03,5,10
63.5,5,11
53.74,5,12
48.36,5,13
42.35,5,14
41.52,5,15
43.63,5,16
45.0,5,17
49.56,5,18
62.98,5,19
57.47,5,20
48.57,5,21
42.0,5,22
40.51,5,23
42.2,6,0
42.0,6,1
42.0,6,2
40.13,6,3
42.0,6,4
38.13,6,5
37.05,6,6
37.3,6,7
35.0,6,8
30.4,6,9
27.81,6,10
26.19,6,11
14.99,6,12
10.28,6,13
13.32,6,14
19.01,6,15
20.23,6,16
26.99,6,17
33.86,6,18
45.0,6,19
46.0,6,20
38.13,6,21
35.0,6,22
29.92,6,23
28.29,0,0
30.0,0,1
31.0,0,2
34.0,0,3
40.51,0,4
45.0,0,5
50.8,0,6
59.57,0,7
62.47,0,8
64.0,0,9
64.51,0,10
65.0,0,11
63.29,0,12
57.58,0,13
57.9,0,14
59.2,0,15
62.47,0,16
63.89,0,17
65.48,0,18
69.8,0,19
68.46,0,20
64.0,0,21
63.1,0,22
53.72,0,23
49.56,1,0
48.57,1,1
48.36,1,2
49.85,1,3
56.38,1,4
62.47,1,5
63.25,1,6
65.0,1,7
64.5,1,8
64.75,1,9
65.1,1,10
65.1,1,11
64.0,1,12
63.25,1,13
62.98,1,14
63.29,1,15
63.29,1,16
63.5,1,17
64.1,1,18
66.57,1,19
64.18,1,20
55.0,1,21
51.12,1,22
48.11,1,23
43.72,2,0
42.49,2,1
41.42,2,2
41.68,2,3
46.58,2,4
47.1,2,5
49.56,2,6
53.9,2,7
61.1,2,8
62.1,2,9
62.53,2,10
62.47,2,11
56.74,2,12
49.89,2,13
53.74,2,14
60.99,2,15
61.51,2,16
62.23,2,17
63.6,2,18
68.1,2,19
65.1,2,20
63.0,2,21
56.1,2,22
50.56,2,23
49.0,3,0
46.78,3,1
45.0,3,2
45.1,3,3
49.0,3,4
49.56,3,5
49.85,3,6
55.0,3,7
54.16,3,8
53.9,3,9
51.78,3,10
50.82,3,11
48.56,3,12
44.6,3,13
45.68,3,14
49.31,3,15
49.63,3,16
49.85,3,17
55.0,3,18
64.35,3,19
62.12,3,20
55.0,3,21
59.05,3,22
51.84,3,23
49.85,4,0
49.85,4,1
49.85,4,2
50.82,4,3
60.47,4,4
62.07,4,5
64.33,4,6
66.0,4,7
66.1,4,8
66.1,4,9
67.1,4,10
66.1,4,11
64.48,4,12
61.57,4,13
62.0,4,14
62.0,4,15
61.51,4,16
61.35,4,17
62.0,4,18
65.6,4,19
62.5,4,20
55.0,4,21
56.1,4,22
49.87,4,23
48.96,5,0
48.96,5,1
48.96,5,2
48.96,5,3
49.0,5,4
48.96,5,5
49.43,5,6
52.85,5,7
54.0,5,8
55.5,5,9
54.0,5,10
54.03,5,11
50.1,5,12
49.43,5,13
48.96,5,14
49.25,5,15
49.95,5,16
52.87,5,17
58.01,5,18
64.77,5,19
59.69,5,20
55.0,5,21
50.0,5,22
45.6,5,23
43.75,6,0
43.15,6,1
42.98,6,2
42.0,6,3
43.49,6,4
40.13,6,5
39.72,6,6
42.0,6,7
43.74,6,8
43.74,6,9
43.63,6,10
43.06,6,11
43.06,6,12
39.72,6,13
39.72,6,14
42.0,6,15
44.14,6,16
48.62,6,17
60.0,6,18
67.6,6,19
67.1,6,20
64.77,6,21
59.99,6,22
50.0,6,23
47.89,0,0
48.62,0,1
48.62,0,2
50.0,0,3
61.01,0,4
64.18,0,5
66.12,0,6
70.26,0,7
70.57,0,8
70.48,0,9
70.73,0,10
70.48,0,11
69.1,0,12
67.1,0,13
67.1,0,14
67.69,0,15
67.69,0,16
67.32,0,17
67.6,0,18
70.48,0,19
67.7,0,20
63.75,0,21
60.47,0,22
52.88,0,23
48.62,4,0
47.69,4,1
45.85,4,2
45.78,4,3
49.3,4,4
55.93,4,5
60.47,4,6
57.5,4,7
59.57,4,8
60.47,4,9
63.52,4,10
63.69,4,11
60.47,4,12
60.1,4,13
62.53,4,14
63.01,4,15
62.29,4,16
61.51,4,17
65.5,4,18
67.67,4,19
61.51,4,20
54.9,4,21
51.5,4,22
49.3,4,23
47.69,0,0
47.69,0,1
47.2,0,2
47.55,0,3
51.5,0,4
62.5,0,5
63.48,0,6
63.76,0,7
65.0,0,8
65.0,0,9
65.49,0,10
65.25,0,11
63.48,0,12
63.48,0,13
62.53,0,14
62.52,0,15
61.0,0,16
58.01,0,17
61.51,0,18
63.69,0,19
57.57,0,20
49.94,0,21
49.94,0,22
47.55,0,23
45.0,0,0
44.72,0,1
43.78,0,2
45.13,0,3
49.3,0,4
54.5,0,5
56.03,0,6
59.26,0,7
58.12,0,8
58.18,0,9
59.5,0,10
60.1,0,11
60.09,0,12
59.5,0,13
60.09,0,14
60.09,0,15
58.12,0,16
58.1,0,17
59.13,0,18
62.5,0,19
55.07,0,20
50.0,0,21
49.95,0,22
47.5,0,23
44.43,3,0
43.85,3,1
43.0,3,2
43.85,3,3
47.55,3,4
54.15,3,5
58.63,3,6
62.01,3,7
62.25,3,8
62.6,3,9
63.5,3,10
63.0,3,11
60.1,3,12
57.38,3,13
57.0,3,14
58.63,3,15
56.5,3,16
54.0,3,17
58.63,3,18
61.33,3,19
55.0,3,20
50.01,3,21
51.05,3,22
48.26,3,23
44.8,5,0
42.75,5,1
41.98,5,2
41.02,5,3
41.98,5,4
42.75,5,5
44.43,5,6
50.02,5,7
53.13,5,8
58.52,5,9
58.81,5,10
59.31,5,11
59.31,5,12
58.1,5,13
56.28,5,14
56.28,5,15
58.1,5,16
54.46,5,17
59.31,5,18
61.55,5,19
53.17,5,20
50.02,5,21
55.51,5,22
49.0,5,23
45.58,1,0
42.03,1,1
41.99,1,2
41.99,1,3
42.03,1,4
41.98,1,5
41.68,1,6
45.13,1,7
49.81,1,8
51.05,1,9
56.01,1,10
58.12,1,11
58.12,1,12
55.01,1,13
52.5,1,14
50.02,1,15
54.55,1,16
54.12,1,17
59.5,1,18
64.0,1,19
60.01,1,20
56.01,1,21
51.6,1,22
49.0,1,23
46.48,3,0
46.27,3,1
45.58,3,2
46.27,3,3
51.05,3,4
58.98,3,5
60.01,3,6
63.1,3,7
64.96,3,8
65.9,3,9
67.08,3,10
67.1,3,11
64.0,3,12
63.03,3,13
63.03,3,14
63.6,3,15
63.1,3,16
63.03,3,17
66.0,3,18
67.48,3,19
62.22,3,20
58.1,3,21
59.31,3,22
56.28,3,23
53.98,6,0
53.77,6,1
54.27,6,2
55.71,6,3
59.59,6,4
63.03,6,5
63.55,6,6
64.55,6,7
65.0,6,8
64.3,6,9
65.0,6,10
64.55,6,11
62.35,6,12
61.31,6,13
61.51,6,14
62.22,6,15
62.22,6,16
62.35,6,17
65.5,6,18
67.6,6,19
63.1,6,20
59.59,6,21
61.85,6,22
59.59,6,23
57.5,2,0
56.0,2,1
54.75,2,2
54.15,2,3
60.68,2,4
64.0,2,5
64.1,2,6
62.85,2,7
64.1,2,8
62.35,2,9
62.6,2,10
62.85,2,11
60.52,2,12
59.31,2,13
59.59,2,14
61.07,2,15
61.4,2,16
62.0,2,17
64.1,2,18
67.0,2,19
61.85,2,20
58.98,2,21
59.31,2,22
58.5,2,23
55.0,4,0
54.15,4,1
52.98,4,2
54.15,4,3
59.59,4,4
59.31,4,5
59.31,4,6
60.87,4,7
64.0,4,8
63.6,4,9
64.1,4,10
63.6,4,11
59.85,4,12
59.0,4,13
59.26,4,14
59.59,4,15
59.43,4,16
59.59,4,17
63.1,4,18
65.6,4,19
60.26,4,20
57.5,4,21
59.1,4,22
58.8,4,23
57.75,0,0
57.0,0,1
56.5,0,2
56.15,0,3
58.81,0,4
59.31,0,5
58.81,0,6
60.2,0,7
60.1,0,8
58.98,0,9
60.0,0,10
58.81,0,11
57.0,0,12
50.01,0,13
49.28,0,14
49.0,0,15
48.06,0,16
48.26,0,17
53.13,0,18
59.31,0,19
52.96,0,20
49.46,0,21
49.79,0,22
48.06,0,23
45.0,2,0
47.35,2,1
45.13,2,2
47.04,2,3
49.0,2,4
49.48,2,5
52.95,2,6
58.1,2,7
58.1,2,8
58.75,2,9
57.16,2,10
56.0,2,11
54.98,2,12
49.45,2,13
47.12,2,14
46.56,2,15
48.76,2,16
50.01,2,17
55.1,2,18
60.01,2,19
54.1,2,20
51.05,2,21
59.31,2,22
55.69,2,23
42.1,6,0
39.14,6,1
36.5,6,2
36.0,6,3
36.5,6,4
34.0,6,5
32.1,6,6
36.1,6,7
36.5,6,8
34.35,6,9
30.0,6,10
26.83,6,11
24.1,6,12
20.0,6,13
12.0,6,14
25.84,6,15
26.69,6,16
36.8,6,17
42.11,6,18
58.5,6,19
56.0,6,20
40.0,6,21
34.19,6,22
32.69,6,23
29.99,0,0
25.79,0,1
25.76,0,2
25.83,0,3
37.97,0,4
46.17,0,5
50.78,0,6
58.81,0,7
59.59,0,8
58.53,0,9
59.51,0,10
59.19,0,11
56.28,0,12
56.6,0,13
56.69,0,14
58.5,0,15
58.81,0,16
57.0,0,17
61.51,0,18
66.6,0,19
58.0,0,20
57.0,0,21
52.69,0,22
55.0,0,23
49.99,1,0
49.25,1,1
48.44,1,2
47.46,1,3
49.5,1,4
49.5,1,5
49.62,1,6
54.1,1,7
54.01,1,8
52.69,1,9
52.05,1,10
46.56,1,11
41.1,1,12
40.02,1,13
40.02,1,14
40.6,1,15
40.1,1,16
41.0,1,17
48.63,1,18
52.0,1,19
40.02,1,20
32.4,1,21
26.59,1,22
25.77,1,23
24.1,2,0
12.4,2,1
12.4,2,2
12.7,2,3
25.8,2,4
31.01,2,5
34.23,2,6
39.0,2,7
47.1,2,8
48.03,2,9
46.3,2,10
43.63,2,11
38.11,2,12
35.0,2,13
35.71,2,14
38.7,2,15
39.11,2,16
41.79,2,17
48.76,2,18
58.0,2,19
44.5,2,20
37.0,2,21
37.0,2,22
37.0,2,23
35.0,3,0
31.1,3,1
30.0,3,2
35.5,3,3
39.1,3,4
46.35,3,5
50.36,3,6
52.01,3,7
55.0,3,8
53.52,3,9
55.0,3,10
55.0,3,11
51.65,3,12
50.94,3,13
51.72,3,14
55.75,3,15
54.1,3,16
53.01,3,17
58.52,3,18
63.6,3,19
55.25,3,20
51.32,3,21
53.43,3,22
52.0,3,23
48.26,4,0
48.5,4,1
47.42,4,2
48.06,4,3
55.55,4,4
57.75,4,5
58.6,4,6
59.1,4,7
59.1,4,8
57.0,4,9
57.5,4,10
57.0,4,11
55.5,4,12
49.79,4,13
51.39,4,14
55.0,4,15
54.84,4,16
55.25,4,17
59.1,4,18
58.31,4,19
48.06,4,20
45.77,4,21
45.86,4,22
43.5,4,23
42.5,5,0
43.5,5,1
43.0,5,2
43.0,5,3
44.17,5,4
45.42,5,5
46.56,5,6
55.1,5,7
54.6,5,8
54.01,5,9
50.5,5,10
48.76,5,11
45.6,5,12
43.5,5,13
43.5,5,14
43.5,5,15
45.42,5,16
48.33,5,17
54.11,5,18
56.6,5,19
48.76,5,20
45.42,5,21
43.0,5,22
41.0,5,23
40.6,6,0
40.13,6,1
40.6,6,2
41.0,6,3
44.1,6,4
45.24,6,5
45.65,6,6
47.4,6,7
45.77,6,8
45.51,6,9
46.0,6,10
49.48,6,11
45.65,6,12
42.1,6,13
41.6,6,14
42.1,6,15
42.1,6,16
46.61,6,17
57.1,6,18
62.1,6,19
59.31,6,20
55.1,6,21
55.25,6,22
49.57,6,23
49.1,0,0
49.57,0,1
49.23,0,2
49.57,0,3
57.1,0,4
59.59,0,5
59.1,0,6
61.1,0,7
60.83,0,8
59.5,0,9
59.5,0,10
57.5,0,11
54.0,0,12
50.6,0,13
50.79,0,14
53.49,0,15
54.07,0,16
52.45,0,17
57.1,0,18
58.3,0,19
53.23,0,20
47.98,0,21
49.87,0,22
48.8,0,23
45.91,1,0
45.65,1,1
45.0,1,2
45.27,1,3
47.77,1,4
50.79,1,5
53.75,1,6
58.0,1,7
55.33,1,8
53.0,1,9
52.95,1,10
51.06,1,11
48.01,1,12
45.24,1,13
44.38,1,14
45.24,1,15
44.0,1,16
46.09,1,17
52.04,1,18
53.51,1,19
46.41,1,20
43.46,1,21
42.26,1,22
42.96,1,23
39.64,2,0
40.0,2,1
40.0,2,2
43.19,2,3
48.5,2,4
55.5,2,5
53.5,2,6
55.75,2,7
54.5,2,8
54.01,2,9
52.56,2,10
50.06,2,11
50.2,2,12
49.87,2,13
50.1,2,14
50.1,2,15
51.19,2,16
54.0,2,17
57.49,2,18
58.0,2,19
50.6,2,20
52.0,2,21
48.5,2,22
47.4,2,23
45.27,3,0
45.42,3,1
45.51,3,2
46.27,3,3
53.24,3,4
52.5,3,5
55.26,3,6
54.88,3,7
54.25,3,8
53.25,3,9
55.1,3,10
55.26,3,11
55.1,3,12
55.1,3,13
55.1,3,14
55.1,3,15
53.24,3,16
55.5,3,17
57.6,3,18
58.57,3,19
55.35,3,20
48.8,3,21
54.0,3,22
52.1,3,23
48.71,4,0
48.8,4,1
48.5,4,2
50.0,4,3
52.35,4,4
53.59,4,5
55.69,4,6
55.99,4,7
54.91,4,8
53.91,4,9
54.6,4,10
53.69,4,11
53.1,4,12
51.6,4,13
51.6,4,14
50.6,4,15
50.01,4,16
52.32,4,17
55.06,4,18
54.91,4,19
52.6,4,20
48.23,4,21
52.14,4,22
48.63,4,23
48.0,5,0
49.1,5,1
48.5,5,2
48.0,5,3
48.5,5,4
52.1,5,5
50.06,5,6
52.1,5,7
52.5,5,8
52.1,5,9
52.1,5,10
54.01,5,11
53.6,5,12
50.83,5,13
48.0,5,14
48.5,5,15
50.83,5,16
49.91,5,17
52.6,5,18
54.07,5,19
52.69,5,20
50.83,5,21
48.0,5,22
44.22,5,23
45.0,6,0
45.24,6,1
44.66,6,2
44.22,6,3
43.1,6,4
40.85,6,5
40.37,6,6
44.0,6,7
48.5,6,8
49.0,6,9
49.5,6,10
49.75,6,11
49.0,6,12
45.24,6,13
43.1,6,14
42.25,6,15
44.0,6,16
49.2,6,17
50.84,6,18
52.1,6,19
47.34,6,20
46.61,6,21
46.27,6,22
43.5,6,23
42.62,0,0
42.37,0,1
39.59,0,2
41.0,0,3
45.87,0,4
53.33,0,5
55.19,0,6
54.45,0,7
54.63,0,8
53.65,0,9
54.0,0,10
55.1,0,11
52.63,0,12
52.3,0,13
54.5,0,14
56.56,0,15
56.6,0,16
57.12,0,17
59.31,0,18
60.01,0,19
52.0,0,20
52.0,0,21
52.1,0,22
47.4,0,23
45.91,1,0
46.09,1,1
47.22,1,2
50.0,1,3
53.5,1,4
56.44,1,5
56.69,1,6
58.56,1,7
60.01,1,8
58.1,1,9
58.6,1,10
58.69,1,11
56.8,1,12
56.44,1,13
56.5,1,14
56.8,1,15
55.94,1,16
54.07,1,17
56.44,1,18
56.6,1,19
54.0,1,20
49.1,1,21
48.2,1,22
45.65,1,23
45.35,2,0
45.29,2,1
45.42,2,2
45.65,2,3
52.0,2,4
59.9,2,5
60.01,2,6
60.6,2,7
60.01,2,8
59.1,2,9
58.9,2,10
59.99,2,11
57.0,2,12
56.57,2,13
57.0,2,14
58.9,2,15
59.31,2,16
59.1,2,17
64.11,2,18
68.48,2,19
58.9,2,20
58.9,2,21
56.65,2,22
53.5,2,23
49.69,5,0
49.1,5,1
51.25,5,2
53.6,5,3
58.02,5,4
63.03,5,5
63.56,5,6
64.66,5,7
63.9,5,8
61.9,5,9
60.9,5,10
59.8,5,11
56.8,5,12
53.6,5,13
53.5,5,14
54.9,5,15
55.26,5,16
61.0,5,17
61.69,5,18
61.0,5,19
56.8,5,20
53.0,5,21
58.81,5,22
56.6,5,23
53.65,1,0
52.01,1,1
50.0,1,2
53.65,1,3
57.6,1,4
61.5,1,5
62.86,1,6
64.85,1,7
63.4,1,8
61.19,1,9
61.25,1,10
60.01,1,11
56.8,1,12
51.89,1,13
48.0,1,14
51.89,1,15
55.97,1,16
60.0,1,17
63.03,1,18
62.69,1,19
59.1,1,20
55.42,1,21
51.3,1,22
48.77,1,23
46.3,1,0
45.5,1,1
44.05,1,2
44.3,1,3
46.3,1,4
47.0,1,5
48.77,1,6
58.1,1,7
59.5,1,8
56.8,1,9
54.02,1,10
52.1,1,11
48.1,1,12
43.58,1,13
42.62,1,14
44.32,1,15
48.77,1,16
55.48,1,17
60.6,1,18
60.01,1,19
54.45,1,20
48.77,1,21
44.5,1,22
43.5,1,23
40.0,4,0
39.4,4,1
37.0,4,2
35.5,4,3
34.5,4,4
34.98,4,5
36.5,4,6
37.96,4,7
39.15,4,8
38.66,4,9
38.0,4,10
35.0,4,11
29.41,4,12
27.09,4,13
25.44,4,14
26.6,4,15
34.5,4,16
40.0,4,17
50.75,4,18
54.07,4,19
43.0,4,20
37.85,4,21
34.77,4,22
31.19,4,23
26.65,6,0
26.43,6,1
26.0,6,2
26.35,6,3
36.5,6,4
41.5,6,5
44.5,6,6
53.01,6,7
51.56,6,8
49.16,6,9
46.6,6,10
45.97,6,11
43.42,6,12
40.97,6,13
41.38,6,14
44.0,6,15
44.47,6,16
48.01,6,17
55.93,6,18
52.0,6,19
40.0,6,20
36.2,6,21
33.17,6,22
29.1,6,23
26.41,2,0
25.36,2,1
25.39,2,2
26.26,2,3
35.29,2,4
43.0,2,5
48.08,2,6
50.1,2,7
49.59,2,8
48.04,2,9
48.04,2,10
46.12,2,11
43.58,2,12
42.2,2,13
43.0,2,14
44.5,2,15
54.58,2,16
59.59,2,17
68.48,2,18
67.52,2,19
60.32,2,20
57.25,2,21
56.1,2,22
55.48,2,23
51.89,4,0
47.74,4,1
51.92,4,2
56.8,4,3
59.0,4,4
63.69,4,5
63.69,4,6
64.19,4,7
65.0,4,8
63.69,4,9
63.5,4,10
63.0,4,11
60.69,4,12
58.1,4,13
57.25,4,14
57.5,4,15
58.1,4,16
60.01,4,17
64.11,4,18
62.69,4,19
58.0,4,20
51.0,4,21
54.0,4,22
47.63,4,23
46.29,0,0
46.29,0,1
46.29,0,2
46.29,0,3
49.13,0,4
56.8,0,5
59.84,0,6
61.14,0,7
62.1,0,8
61.86,0,9
61.99,0,10
61.6,0,11
60.1,0,12
60.01,0,13
60.1,0,14
60.1,0,15
60.1,0,16
65.0,0,17
62.99,0,18
61.1,0,19
56.6,0,20
51.0,0,21
51.89,0,22
46.69,0,23
46.58,3,0
46.58,3,1
46.69,3,2
47.63,3,3
50.54,3,4
59.6,3,5
61.04,3,6
61.38,3,7
61.69,3,8
61.04,3,9
60.73,3,10
60.01,3,11
58.0,3,12
55.0,3,13
55.6,3,14
56.8,3,15
59.59,3,16
60.5,3,17
63.5,3,18
61.69,3,19
59.0,3,20
52.62,3,21
54.0,3,22
50.89,3,23
47.74,5,0
46.3,5,1
43.97,5,2
43.0,5,3
43.15,5,4
44.0,5,5
46.3,5,6
53.11,5,7
52.42,5,8
48.7,5,9
47.63,5,10
47.63,5,11
46.3,5,12
44.08,5,13
43.5,5,14
44.84,5,15
50.0,5,16
52.37,5,17
58.95,5,18
56.6,5,19
50.3,5,20
49.85,5,21
50.52,5,22
44.97,5,23
41.0,1,0
39.58,1,1
39.5,1,2
39.67,1,3
40.53,1,4
41.6,1,5
41.0,1,6
46.3,1,7
50.0,1,8
50.1,1,9
50.0,1,10
50.0,1,11
49.02,1,12
44.86,1,13
41.74,1,14
42.58,1,15
44.47,1,16
50.73,1,17
61.0,1,18
61.74,1,19
57.5,1,20
50.1,1,21
45.15,1,22
39.75,1,23
38.75,3,0
38.2,3,1
37.7,3,2
37.58,3,3
43.45,3,4
50.3,3,5
51.75,3,6
53.11,3,7
50.3,3,8
49.02,3,9
50.52,3,10
51.02,3,11
50.52,3,12
48.06,3,13
46.54,3,14
47.38,3,15
53.33,3,16
57.83,3,17
58.75,3,18
56.02,3,19
48.9,3,20
46.3,3,21
40.0,3,22
38.1,3,23
37.0,1,0
36.5,1,1
36.5,1,2
37.2,1,3
44.01,1,4
54.28,1,5
54.69,1,6
55.15,1,7
54.61,1,8
54.11,1,9
55.11,1,10
54.69,1,11
54.5,1,12
54.11,1,13
55.0,1,14
54.69,1,15
55.11,1,16
60.73,1,17
60.73,1,18
56.57,1,19
50.1,1,20
46.3,1,21
40.2,1,22
39.25,1,23
38.35,2,0
36.0,2,1
36.0,2,2
38.35,2,3
46.05,2,4
54.0,2,5
55.6,2,6
55.16,2,7
54.19,2,8
53.4,2,9
54.0,2,10
53.91,2,11
53.55,2,12
52.19,2,13
52.28,2,14
53.19,2,15
56.28,2,16
59.02,2,17
59.17,2,18
56.0,2,19
51.1,2,20
46.6,2,21
43.97,2,22
40.24,2,23
39.53,3,0
40.0,3,1
39.53,3,2
40.24,3,3
46.29,3,4
57.72,3,5
61.35,3,6
63.1,3,7
62.97,3,8
60.1,3,9
59.59,3,10
58.64,3,11
56.7,3,12
56.02,3,13
56.02,3,14
56.6,3,15
57.78,3,16
63.61,3,17
65.48,3,18
63.03,3,19
59.0,3,20
55.16,3,21
56.8,3,22
55.02,3,23
52.0,4,0
52.0,4,1
50.0,4,2
52.5,4,3
56.7,4,4
63.14,4,5
63.6,4,6
64.8,4,7
64.68,4,8
62.99,4,9
59.71,4,10
57.44,4,11
56.7,4,12
55.25,4,13
55.75,4,14
56.7,4,15
59.87,4,16
63.03,4,17
65.01,4,18
60.98,4,19
56.8,4,20
50.5,4,21
56.6,4,22
47.61,4,23
46.58,5,0
43.59,5,1
40.34,5,2
38.0,5,3
39.98,5,4
43.08,5,5
46.64,5,6
48.13,5,7
48.28,5,8
47.21,5,9
47.15,5,10
44.63,5,11
42.09,5,12
39.74,5,13
39.18,5,14
42.6,5,15
48.8,5,16
50.5,5,17
52.86,5,18
50.0,5,19
44.64,5,20
43.85,5,21
45.15,5,22
42.58,5,23
40.0,6,0
40.69,6,1
41.0,6,2
41.87,6,3
43.09,6,4
45.0,6,5
44.02,6,6
47.21,6,7
54.0,6,8
55.8,6,9
56.7,6,10
56.7,6,11
55.8,6,12
47.76,6,13
46.82,6,14
43.85,6,15
47.44,6,16
56.05,6,17
60.01,6,18
60.17,6,19
58.81,6,20
56.57,6,21
47.61,6,22
46.68,6,23
42.95,0,0
41.69,0,1
40.69,0,2
43.0,0,3
48.75,0,4
60.01,0,5
60.17,0,6
62.52,0,7
63.51,0,8
62.18,0,9
60.0,0,10
59.59,0,11
57.52,0,12
57.72,0,13
58.0,0,14
57.68,0,15
60.17,0,16
62.85,0,17
63.1,0,18
58.21,0,19
53.15,0,20
48.37,0,21
44.02,0,22
41.69,0,23
40.0,1,0
39.29,1,1
37.64,1,2
39.96,1,3
42.95,1,4
49.21,1,5
49.61,1,6
52.6,1,7
54.1,1,8
54.91,1,9
54.05,1,10
52.01,1,11
49.21,1,12
48.22,1,13
47.67,1,14
48.37,1,15
46.68,1,16
49.21,1,17
55.98,1,18
49.85,1,19
47.15,1,20
39.47,1,21
40.0,1,22
38.4,1,23
37.0,2,0
36.5,2,1
36.0,2,2
37.94,2,3
43.43,2,4
49.97,2,5
55.15,2,6
56.11,2,7
56.18,2,8
54.99,2,9
54.1,2,10
52.5,2,11
49.97,2,12
49.61,2,13
49.85,2,14
49.85,2,15
54.13,2,16
56.7,2,17
59.5,2,18
56.0,2,19
49.85,2,20
49.01,2,21
43.01,2,22
40.0,2,23
39.0,3,0
38.32,3,1
38.0,3,2
38.32,3,3
44.36,3,4
55.6,3,5
56.32,3,6
56.7,3,7
55.19,3,8
55.16,3,9
54.0,3,10
53.0,3,11
50.35,3,12
49.85,3,13
51.37,3,14
55.05,3,15
55.94,3,16
64.29,3,17
65.13,3,18
63.6,3,19
56.7,3,20
54.8,3,21
50.0,3,22
46.67,3,23
45.65,4,0
46.67,4,1
45.0,4,2
46.67,4,3
54.98,4,4
60.0,4,5
64.84,4,6
63.25,4,7
62.19,4,8
61.85,4,9
61.36,4,10
60.01,4,11
59.89,4,12
59.1,4,13
59.31,4,14
60.0,4,15
59.59,4,16
62.19,4,17
65.01,4,18
60.87,4,19
56.7,4,20
50.5,4,21
49.85,4,22
43.97,4,23
40.69,5,0
41.1,5,1
39.58,5,2
41.1,5,3
42.95,5,4
46.68,5,5
49.85,5,6
56.67,5,7
58.1,5,8
58.6,5,9
58.15,5,10
57.75,5,11
56.7,5,12
55.1,5,13
52.45,5,14
52.43,5,15
53.69,5,16
55.51,5,17
58.44,5,18
56.67,5,19
50.83,5,20
46.68,5,21
46.68,5,22
40.0,5,23
38.13,6,0
38.0,6,1
35.98,6,2
33.0,6,3
35.1,6,4
35.47,6,5
36.1,6,6
37.5,6,7
39.0,6,8
46.67,6,9
46.68,6,10
46.68,6,11
47.2,6,12
46.68,6,13
46.68,6,14
46.67,6,15
47.2,6,16
53.93,6,17
53.11,6,18
56.8,6,19
56.57,6,20
50.0,6,21
46.67,6,22
40.1,6,23
36.99,0,0
33.64,0,1
32.99,0,2
31.73,0,3
35.1,0,4
44.02,0,5
53.1,0,6
54.6,0,7
56.25,0,8
57.01,0,9
57.65,0,10
56.69,0,11
54.6,0,12
50.44,0,13
48.37,0,14
48.59,0,15
54.1,0,16
58.81,0,17
59.76,0,18
60.01,0,19
56.8,0,20
52.51,0,21
44.47,0,22
41.6,0,23
37.0,1,0
33.37,1,1
30.07,1,2
29.03,1,3
30.9,1,4
39.49,1,5
46.67,1,6
50.88,1,7
54.38,1,8
55.69,1,9
54.88,1,10
55.69,1,11
53.33,1,12
52.6,1,13
51.91,1,14
49.18,1,15
54.1,1,16
56.8,1,17
57.01,1,18
56.6,1,19
53.69,1,20
46.68,1,21
41.1,1,22
36.31,1,23
31.21,2,0
25.36,2,1
24.0,2,2
21.19,2,3
25.13,2,4
36.17,2,5
42.73,2,6
46.68,2,7
49.3,2,8
50.0,2,9
49.3,2,10
48.7,2,11
46.68,2,12
44.77,2,13
42.91,2,14
46.67,2,15
50.0,2,16
54.49,2,17
56.6,2,18
56.01,2,19
51.31,2,20
48.88,2,21
46.25,2,22
39.49,2,23
38.0,3,0
35.98,3,1
33.38,3,2
34.05,3,3
35.62,3,4
45.02,3,5
53.42,3,6
56.03,3,7
56.88,3,8
56.19,3,9
55.51,3,10
54.19,3,11
54.24,3,12
55.17,3,13
55.29,3,14
54.85,3,15
56.8,3,16
57.21,3,17
60.84,3,18
58.63,3,19
56.8,3,20
53.42,3,21
46.74,3,22
46.67,3,23
40.0,4,0
38.32,4,1
35.5,4,2
35.0,4,3
36.78,4,4
43.0,4,5
52.11,4,6
55.0,4,7
56.1,4,8
54.21,4,9
52.01,4,10
52.1,4,11
48.04,4,12
46.68,4,13
46.2,4,14
47.51,4,15
52.0,4,16
53.71,4,17
53.1,4,18
50.1,4,19
47.01,4,20
43.75,4,21
37.5,4,22
36.1,4,23
31.93,5,0
28.77,5,1
28.28,5,2
28.16,5,3
29.19,5,4
30.69,5,5
35.62,5,6
38.33,5,7
46.67,5,8
51.01,5,9
53.01,5,10
53.71,5,11
54.1,5,12
53.21,5,13
51.0,5,14
49.58,5,15
53.21,5,16
54.51,5,17
56.92,5,18
58.81,5,19
57.97,5,20
56.1,5,21
56.02,5,22
53.21,5,23
36.1,6,0
34.5,6,1
31.0,6,2
26.49,6,3
26.33,6,4
26.56,6,5
26.25,6,6
26.26,6,7
27.3,6,8
27.42,6,9
27.87,6,10
28.24,6,11
27.49,6,12
27.27,6,13
24.14,6,14
24.65,6,15
31.0,6,16
41.7,6,17
50.34,6,18
46.48,6,19
40.0,6,20
36.9,6,21
32.79,6,22
26.28,6,23
23.01,2,0
18.0,2,1
16.6,2,2
18.0,2,3
25.0,2,4
30.1,2,5
46.95,2,6
47.92,2,7
47.8,2,8
48.81,2,9
49.21,2,10
50.19,2,11
52.1,2,12
50.7,2,13
52.1,2,14
54.1,2,15
57.69,2,16
67.74,2,17
63.03,2,18
63.0,2,19
59.59,2,20
55.88,2,21
49.21,2,22
39.3,2,23
32.25,2,0
31.32,2,1
29.84,2,2
30.92,2,3
32.25,2,4
39.97,2,5
49.63,2,6
49.96,2,7
53.1,2,8
53.71,2,9
53.1,2,10
52.1,2,11
52.21,2,12
49.97,2,13
49.4,2,14
52.0,2,15
57.01,2,16
67.1,2,17
60.01,2,18
60.01,2,19
56.7,2,20
48.81,2,21
46.95,2,22
45.01,2,23
39.53,5,0
34.5,5,1
33.0,5,2
30.0,5,3
33.0,5,4
44.62,5,5
48.81,5,6
49.76,5,7
53.71,5,8
56.0,5,9
54.6,5,10
53.31,5,11
52.41,5,12
51.8,5,13
54.65,5,14
56.01,5,15
60.69,5,16
64.1,5,17
60.19,5,18
60.35,5,19
58.69,5,20
56.57,5,21
50.0,5,22
46.95,5,23
39.53,0,0
37.69,0,1
33.5,0,2
31.91,0,3
33.6,0,4
42.0,0,5
52.55,0,6
54.69,0,7
54.6,0,8
54.85,0,9
53.31,0,10
53.3,0,11
51.6,0,12
51.07,0,13
54.6,0,14
53.74,0,15
56.19,0,16
62.01,0,17
58.05,0,18
56.7,0,19
55.76,0,20
49.07,0,21
48.81,0,22
50.0,0,23
44.01,3,0
40.19,3,1
39.53,3,2
39.53,3,3
39.53,3,4
46.95,3,5
56.6,3,6
56.7,3,7
57.1,3,8
56.7,3,9
56.6,3,10
56.1,3,11
54.32,3,12
54.7,3,13
56.6,3,14
56.69,3,15
57.0,3,16
60.13,3,17
63.48,3,18
63.39,3,19
61.19,3,20
58.6,3,21
56.7,3,22
55.69,3,23
46.66,5,0
42.3,5,1
40.4,5,2
40.4,5,3
40.5,5,4
41.51,5,5
44.0,5,6
48.37,5,7
51.67,5,8
52.5,5,9
52.0,5,10
52.1,5,11
54.1,5,12
52.1,5,13
52.1,5,14
55.5,5,15
56.51,5,16
58.1,5,17
57.78,5,18
57.19,5,19
56.69,5,20
55.69,5,21
46.66,5,22
40.2,5,23
35.19,1,0
30.16,1,1
28.01,1,2
26.2,1,3
26.38,1,4
26.42,1,5
26.51,1,6
28.01,1,7
34.43,1,8
36.69,1,9
37.65,1,10
38.45,1,11
38.75,1,12
39.01,1,13
37.3,1,14
37.2,1,15
44.03,1,16
55.69,1,17
60.01,1,18
63.03,1,19
64.69,1,20
60.01,1,21
56.7,1,22
56.7,1,23
54.61,4,0
50.07,4,1
46.85,4,2
46.0,4,3
47.44,4,4
56.6,4,5
58.8,4,6
59.59,4,7
62.0,4,8
61.0,4,9
59.59,4,10
60.01,4,11
59.59,4,12
58.63,4,13
58.1,4,14
58.69,4,15
60.83,4,16
65.0,4,17
67.48,4,18
67.48,4,19
65.19,4,20
59.5,4,21
56.69,4,22
58.51,4,23
53.5,6,0
49.23,6,1
48.92,6,2
48.54,6,3
49.23,6,4
56.57,6,5
60.58,6,6
62.0,6,7
63.0,6,8
61.96,6,9
60.3,6,10
60.9,6,11
60.01,6,12
59.48,6,13
59.01,6,14
59.76,6,15
61.01,6,16
66.69,6,17
69.49,6,18
69.49,6,19
66.53,6,20
62.6,6,21
59.3,6,22
59.76,6,23
55.2,2,0
52.38,2,1
49.23,2,2
49.23,2,3
50.0,2,4
56.7,2,5
61.6,2,6
62.01,2,7
64.02,2,8
63.12,2,9
61.6,2,10
60.69,2,11
60.69,2,12
59.02,2,13
58.69,2,14
59.48,2,15
62.1,2,16
66.19,2,17
68.7,2,18
68.95,2,19
66.5,2,20
62.1,2,21
58.51,2,22
59.3,2,23
56.7,4,0
55.0,4,1
53.0,4,2
52.3,4,3
54.2,4,4
56.82,4,5
60.12,4,6
60.12,4,7
62.0,4,8
60.83,4,9
60.6,4,10
60.69,4,11
60.0,4,12
58.8,4,13
58.51,4,14
59.48,4,15
63.83,4,16
69.49,4,17
67.75,4,18
67.77,4,19
65.33,4,20
62.0,4,21
59.0,4,22
56.6,4,23
56.0,4,0
53.1,4,1
49.23,4,2
48.54,4,3
49.23,4,4
54.7,4,5
56.7,4,6
57.01,4,7
59.01,4,8
58.1,4,9
56.82,4,10
57.01,4,11
58.39,4,12
56.76,4,13
56.0,4,14
55.2,4,15
53.0,4,16
57.26,4,17
58.48,4,18
57.01,4,19
58.02,4,20
53.5,4,21
46.91,4,22
45.0,4,23
41.91,5,0
39.5,5,1
38.5,5,2
38.5,5,3
39.2,5,4
40.0,5,5
42.6,5,6
46.8,5,7
51.67,5,8
55.5,5,9
55.0,5,10
55.91,5,11
56.1,5,12
55.2,5,13
50.0,5,14
49.23,5,15
54.0,5,16
58.23,5,17
60.4,5,18
60.48,5,19
59.51,5,20
56.76,5,21
55.6,5,22
49.23,5,23
44.92,6,0
42.6,6,1
41.0,6,2
40.4,6,3
40.4,6,4
41.73,6,5
42.1,6,6
41.6,6,7
43.6,6,8
