ds,y,holiday
2012-01-03,1012493.8100000008,0.0
2012-01-04,860053.7300000008,0.0
2012-01-05,940194.9300000005,0.0
2012-01-06,0.0,0.0
2012-01-07,0.0,0.0
2012-01-08,0.0,0.0
2012-01-09,933835.5000000003,0.0
2012-01-10,900077.6100000005,0.0
2012-01-11,773739.73,0.0
2012-01-12,927338.6600000007,0.0
2012-01-13,0.0,0.0
2012-01-14,0.0,0.0
2012-01-15,0.0,0.0
2012-01-16,968646.520000001,1.0
2012-01-17,921105.5600000008,0.0
2012-01-18,850387.4900000002,0.0
2012-01-19,1021175.9000000011,0.0
2012-01-20,0.0,0.0
2012-01-21,0.0,0.0
2012-01-22,0.0,0.0
2012-01-23,985418.4100000004,0.0
2012-01-24,1013018.2900000006,0.0
2012-01-25,764709.3100000004,0.0
2012-01-26,1016554.7900000012,0.0
2012-01-27,796.36,0.0
2012-01-28,0.0,0.0
2012-01-29,0.0,0.0
2012-01-30,986696.5299999999,0.0
2012-01-31,1039951.090000001,0.0
2012-02-01,906994.6600000004,0.0
2012-02-02,1218272.0000000007,0.0
2012-02-03,0.0,0.0
2012-02-04,0.0,0.0
2012-02-05,0.0,0.0
2012-02-06,1165230.550000001,0.0
2012-02-07,1128346.5200000012,0.0
2012-02-08,986933.9100000008,0.0
2012-02-09,1150050.090000001,0.0
2012-02-10,0.0,0.0
2012-02-11,0.0,0.0
2012-02-12,0.0,0.0
2012-02-13,1039052.1500000008,0.0
2012-02-14,1016829.6800000009,0.0
2012-02-15,962829.3100000008,0.0
2012-02-16,1132707.0000000012,0.0
2012-02-17,0.0,0.0
2012-02-18,0.0,0.0
2012-02-19,0.0,0.0
2012-02-20,1135350.790000001,1.0
2012-02-21,1105654.4000000006,0.0
2012-02-22,998421.7200000004,0.0
2012-02-23,1167089.7800000012,0.0
2012-02-24,0.0,0.0
2012-02-25,0.0,0.0
2012-02-26,0.0,0.0
2012-02-27,1070445.6800000006,0.0
2012-02-28,1028812.8300000007,0.0
2012-02-29,903083.0000000003,0.0
2012-03-01,1104030.1000000006,0.0
2012-03-02,0.0,0.0
2012-03-03,0.0,0.0
2012-03-04,0.0,0.0
2012-03-05,1140722.7500000005,0.0
2012-03-06,1169223.920000001,0.0
2012-03-07,835542.5300000008,0.0
2012-03-08,1222264.9500000007,0.0
2012-03-09,2886.2400000000002,0.0
2012-03-10,0.0,0.0
2012-03-11,0.0,0.0
2012-03-12,1179680.4700000011,0.0
2012-03-13,1158657.8900000006,0.0
2012-03-14,977886.0600000008,0.0
2012-03-15,1250720.7700000014,0.0
2012-03-16,1050.84,0.0
2012-03-17,0.0,0.0
2012-03-18,0.0,0.0
2012-03-19,1030487.2800000005,0.0
2012-03-20,1102468.9900000014,0.0
2012-03-21,1046650.1100000008,0.0
2012-03-22,1066902.6700000013,0.0
2012-03-23,0.0,0.0
2012-03-24,0.0,0.0
2012-03-25,0.0,0.0
2012-03-26,1001267.190000001,0.0
2012-03-27,1022503.7700000011,0.0
2012-03-28,821053.920000001,0.0
2012-03-29,1005545.3000000012,0.0
2012-03-30,0.0,0.0
2012-03-31,0.0,0.0
2012-04-01,0.0,0.0
2012-04-02,1142873.5000000005,0.0
2012-04-03,1359746.080000001,0.0
2012-04-04,1080255.9200000004,0.0
2012-04-05,1330857.2800000007,0.0
2012-04-06,0.0,0.0
2012-04-07,0.0,0.0
2012-04-08,0.0,0.0
2012-04-09,1169076.6400000008,0.0
2012-04-10,1269591.6300000008,0.0
2012-04-11,1187375.8500000006,0.0
2012-04-12,1232872.5700000005,0.0
2012-04-13,0.0,0.0
2012-04-14,0.0,0.0
2012-04-15,0.0,0.0
2012-04-16,1154192.310000001,0.0
2012-04-17,1195865.2300000016,0.0
2012-04-18,1116240.860000001,0.0
2012-04-19,1182052.4700000002,0.0
2012-04-20,0.0,0.0
2012-04-21,0.0,0.0
2012-04-22,0.0,0.0
2012-04-23,1042705.9000000008,0.0
2012-04-24,1199155.2900000014,0.0
2012-04-25,924659.8200000003,0.0
2012-04-26,1117871.8500000013,0.0
2012-04-27,36212.32,0.0
2012-04-28,0.0,0.0
2012-04-29,0.0,0.0
2012-04-30,1263291.4500000016,0.0
2012-05-01,1212779.960000002,0.0
2012-05-02,1003063.7400000019,0.0
2012-05-03,1322831.960000001,0.0
2012-05-04,0.0,0.0
2012-05-05,0.0,0.0
2012-05-06,0.0,0.0
2012-05-07,1220915.1900000018,0.0
2012-05-08,1200461.6600000015,0.0
2012-05-09,970187.7100000008,0.0
2012-05-10,1211077.4500000016,0.0
2012-05-11,324.0,0.0
2012-05-12,0.0,0.0
2012-05-13,0.0,0.0
2012-05-14,1072931.4800000014,0.0
2012-05-15,1213046.7700000019,0.0
2012-05-16,1057187.6000000013,0.0
2012-05-17,1225797.0800000017,0.0
2012-05-18,0.0,0.0
2012-05-19,0.0,0.0
2012-05-20,0.0,0.0
2012-05-21,1177429.4900000016,0.0
2012-05-22,1418037.8400000024,0.0
2012-05-23,1059972.5400000017,0.0
2012-05-24,1340162.9200000013,0.0
2012-05-25,872449.5500000004,0.0
2012-05-26,0.0,0.0
2012-05-27,0.0,0.0
2012-05-28,0.0,1.0
2012-05-29,1245606.760000002,0.0
2012-05-30,1011376.0500000017,0.0
2012-05-31,1357881.4900000016,0.0
2012-06-01,1607.52,0.0
2012-06-02,0.0,0.0
2012-06-03,0.0,0.0
2012-06-04,1538532.0600000015,0.0
2012-06-05,1292638.080000002,0.0
2012-06-06,1311727.2800000012,0.0
2012-06-07,1218139.2700000016,0.0
2012-06-08,0.0,0.0
2012-06-09,0.0,0.0
2012-06-10,0.0,0.0
2012-06-11,1440888.7900000017,0.0
2012-06-12,1315053.3100000028,0.0
2012-06-13,1546636.7100000002,0.0
2012-06-14,1217510.6100000017,0.0
2012-06-15,0.0,0.0
2012-06-16,0.0,0.0
2012-06-17,0.0,0.0
2012-06-18,1316963.000000002,0.0
2012-06-19,1410200.910000001,0.0
2012-06-20,910995.3700000014,0.0
2012-06-21,1165311.410000002,0.0
2012-06-22,5482.179999999999,0.0
2012-06-23,0.0,0.0
2012-06-24,0.0,0.0
2012-06-25,1404033.2200000011,0.0
2012-06-26,1850000.1100000006,0.0
2012-06-27,1379518.3700000015,0.0
2012-06-28,1508343.9800000016,0.0
2012-06-29,25320.889999999996,0.0
2012-06-30,0.0,0.0
2012-07-01,0.0,0.0
2012-07-02,1231434.560000002,0.0
2012-07-03,1171510.9600000018,0.0
2012-07-04,0.0,1.0
2012-07-05,1026464.0200000016,0.0
2012-07-06,1086736.0700000017,0.0
2012-07-07,0.0,0.0
2012-07-08,0.0,0.0
2012-07-09,1209038.7600000019,0.0
2012-07-10,1250884.6200000022,0.0
2012-07-11,926596.910000001,0.0
2012-07-12,1091996.0900000015,0.0
2012-07-13,0.0,0.0
2012-07-14,0.0,0.0
2012-07-15,0.0,0.0
2012-07-16,1239308.5200000016,0.0
2012-07-17,1230606.4600000016,0.0
2012-07-18,1137970.7800000017,0.0
2012-07-19,1267423.1500000013,0.0
2012-07-20,674.4,0.0
2012-07-21,0.0,0.0
2012-07-22,0.0,0.0
2012-07-23,1201978.8700000015,0.0
2012-07-24,1102184.9700000016,0.0
2012-07-25,958471.0900000014,0.0
2012-07-26,1030437.8900000012,0.0
2012-07-27,3279.7600000000007,0.0
2012-07-28,0.0,0.0
2012-07-29,0.0,0.0
2012-07-30,1223242.960000001,0.0
2012-07-31,1307122.9400000025,0.0
2012-08-01,890090.3700000014,0.0
2012-08-02,1195254.9300000016,0.0
2012-08-03,576.4200000000001,0.0
2012-08-04,0.0,0.0
2012-08-05,0.0,0.0
2012-08-06,1147834.8900000018,0.0
2012-08-07,1283068.4500000025,0.0
2012-08-08,981060.1600000018,0.0
2012-08-09,1176787.120000002,0.0
2012-08-10,0.0,0.0
2012-08-11,0.0,0.0
2012-08-12,0.0,0.0
2012-08-13,1195675.7500000023,0.0
2012-08-14,1127417.2800000024,0.0
2012-08-15,954955.5200000018,0.0
2012-08-16,1166448.5600000015,0.0
2012-08-17,0.0,0.0
2012-08-18,0.0,0.0
2012-08-19,0.0,0.0
2012-08-20,1085723.8900000015,0.0
2012-08-21,1159559.0400000024,0.0
2012-08-22,1013038.9200000019,0.0
2012-08-23,1135299.2900000014,0.0
2012-08-24,0.0,0.0
2012-08-25,0.0,0.0
2012-08-26,0.0,0.0
2012-08-27,1166197.4300000025,0.0
2012-08-28,1451140.2700000026,0.0
2012-08-29,1118281.9200000023,0.0
2012-08-30,1356271.5900000024,0.0
2012-08-31,926601.0400000009,0.0
2012-09-01,0.0,0.0
2012-09-02,0.0,0.0
2012-09-03,0.0,1.0
2012-09-04,1454309.230000002,0.0
2012-09-05,1103036.950000002,0.0
2012-09-06,1486810.2700000014,0.0
2012-09-07,152.04,0.0
2012-09-08,0.0,0.0
2012-09-09,0.0,0.0
2012-09-10,1618074.3000000014,0.0
2012-09-11,1430524.600000001,0.0
2012-09-12,1321205.1000000015,0.0
2012-09-13,1232001.180000001,0.0
2012-09-14,854.73,0.0
2012-09-15,0.0,0.0
2012-09-16,0.0,0.0
2012-09-17,1133464.7200000014,0.0
2012-09-18,1183565.6700000018,0.0
2012-09-19,872743.1100000009,0.0
2012-09-20,1115748.8500000013,0.0
2012-09-21,920.5200000000001,0.0
2012-09-22,0.0,0.0
2012-09-23,0.0,0.0
2012-09-24,1039466.7100000011,0.0
2012-09-25,1125510.8600000013,0.0
2012-09-26,1023116.2500000012,0.0
2012-09-27,1046948.0600000012,0.0
2012-09-28,0.0,0.0
2012-09-29,0.0,0.0
2012-09-30,0.0,0.0
2012-10-01,1272966.4100000018,0.0
2012-10-02,1512145.240000001,0.0
2012-10-03,1195072.1700000018,0.0
2012-10-04,1453418.4000000018,0.0
2012-10-05,1954824.2300000011,0.0
2012-10-06,0.0,0.0
2012-10-07,0.0,0.0
2012-10-08,1436466.0500000017,1.0
2012-10-09,1474293.740000002,0.0
2012-10-10,1240659.2600000016,0.0
2012-10-11,1426089.8300000022,0.0
2012-10-12,1632339.9800000002,0.0
2012-10-13,0.0,0.0
2012-10-14,0.0,0.0
2012-10-15,1408855.5500000012,0.0
2012-10-16,1472465.4700000025,0.0
2012-10-17,1576441.3200000012,0.0
2012-10-18,1375042.2700000016,0.0
2012-10-19,1921336.2100000002,0.0
2012-10-20,0.0,0.0
2012-10-21,0.0,0.0
2012-10-22,1225686.3000000017,0.0
2012-10-23,1214988.510000002,0.0
2012-10-24,1471443.6300000015,0.0
2012-10-25,1270153.3000000014,0.0
2012-10-26,1846024.4200000002,0.0
2012-10-27,0.0,0.0
2012-10-28,0.0,0.0
2012-10-29,1204271.2700000014,0.0
2012-10-30,1197675.440000002,0.0
2012-10-31,931294.9300000014,0.0
2012-11-01,1023250.7900000016,0.0
2012-11-02,198.0,0.0
2012-11-03,0.0,0.0
2012-11-04,0.0,0.0
2012-11-05,1080014.870000001,0.0
2012-11-06,1170085.0300000026,0.0
2012-11-07,1092897.390000002,0.0
2012-11-08,1271036.670000001,0.0
2012-11-09,0.0,0.0
2012-11-10,0.0,0.0
2012-11-11,0.0,0.0
2012-11-12,1202868.1300000008,1.0
2012-11-13,1122437.7200000023,0.0
2012-11-14,1088524.7800000017,0.0
2012-11-15,1364467.0000000012,0.0
2012-11-16,856903.920000001,0.0
2012-11-17,1080276.9700000014,0.0
2012-11-18,0.0,0.0
2012-11-19,1062086.370000001,0.0
2012-11-20,1087900.6600000015,0.0
2012-11-21,47406.07999999999,0.0
2012-11-22,0.0,1.0
2012-11-23,0.0,0.0
2012-11-24,0.0,0.0
2012-11-25,0.0,0.0
2012-11-26,1439202.8300000005,0.0
2012-11-27,1440212.3200000012,0.0
2012-11-28,1075135.3400000017,0.0
2012-11-29,1273610.0500000017,0.0
2012-11-30,0.0,0.0
2012-12-01,0.0,0.0
2012-12-02,0.0,0.0
2012-12-03,1487537.7900000007,0.0
2012-12-04,1190413.4600000018,0.0
2012-12-05,1017236.9100000017,0.0
2012-12-06,1270931.9600000014,0.0
2012-12-07,0.0,0.0
2012-12-08,0.0,0.0
2012-12-09,0.0,0.0
2012-12-10,1528430.6500000006,0.0
2012-12-11,1559674.100000002,0.0
2012-12-12,1745332.610000002,0.0
2012-12-13,1536578.9200000016,0.0
2012-12-14,1912.84,0.0
2012-12-15,0.0,0.0
2012-12-16,0.0,0.0
2012-12-17,1696519.590000001,0.0
2012-12-18,1660066.2000000027,0.0
2012-12-19,1528877.3200000022,0.0
2012-12-20,1552564.6300000022,0.0
2012-12-21,1217195.7000000014,0.0
2012-12-22,0.0,0.0
2012-12-23,0.0,0.0
2012-12-24,1634365.6800000034,0.0
2012-12-25,0.0,1.0
2012-12-26,1266270.9200000027,0.0
2012-12-27,1602321.5900000017,0.0
2012-12-28,1360166.7600000023,0.0
2012-12-29,0.0,0.0
2012-12-30,0.0,0.0
2012-12-31,1208182.0000000016,0.0
2013-01-01,0.0,1.0
2013-01-02,826293.720000001,0.0
2013-01-03,1145793.1500000015,0.0
2013-01-04,0.0,0.0
2013-01-05,0.0,0.0
2013-01-06,0.0,0.0
2013-01-07,1139529.5600000017,0.0
2013-01-08,1042754.6100000016,0.0
2013-01-09,818801.4000000011,0.0
2013-01-10,945299.6200000009,0.0
2013-01-11,0.0,0.0
2013-01-12,0.0,0.0
2013-01-13,0.0,0.0
2013-01-14,1036500.570000001,0.0
2013-01-15,943113.2400000012,0.0
2013-01-16,849009.2800000013,0.0
2013-01-17,1018633.5000000015,0.0
2013-01-18,0.0,0.0
2013-01-19,0.0,0.0
2013-01-20,0.0,0.0
2013-01-21,992762.0500000011,1.0
2013-01-22,1020890.660000002,0.0
2013-01-23,886708.3200000015,0.0
2013-01-24,1118493.5100000007,0.0
2013-01-25,1974.0,0.0
2013-01-26,0.0,0.0
2013-01-27,0.0,0.0
2013-01-28,1073388.1000000015,0.0
2013-01-29,1053056.8800000018,0.0
2013-01-30,851115.1600000008,0.0
2013-01-31,1074732.7900000007,0.0
2013-02-01,0.0,0.0
2013-02-02,0.0,0.0
2013-02-03,0.0,0.0
2013-02-04,1173355.5000000014,0.0
2013-02-05,1176898.5200000026,0.0
2013-02-06,979188.5400000021,0.0
2013-02-07,1284407.0600000022,0.0
2013-02-08,1130.88,0.0
2013-02-09,0.0,0.0
2013-02-10,0.0,0.0
2013-02-11,1111755.510000002,0.0
2013-02-12,1139808.4300000018,0.0
2013-02-13,1349704.1400000015,0.0
2013-02-14,1229363.3400000017,0.0
2013-02-15,0.0,0.0
2013-02-16,0.0,0.0
2013-02-17,0.0,0.0
2013-02-18,1141825.2400000019,1.0
2013-02-19,1087255.570000002,0.0
2013-02-20,862261.3700000015,0.0
2013-02-21,1183853.7600000016,0.0
2013-02-22,2105.56,0.0
2013-02-23,0.0,0.0
2013-02-24,0.0,0.0
2013-02-25,1203117.0200000016,0.0
2013-02-26,1168684.7700000028,0.0
2013-02-27,1028803.9500000019,0.0
2013-02-28,1135086.5400000021,0.0
2013-03-01,0.0,0.0
2013-03-02,0.0,0.0
2013-03-03,0.0,0.0
2013-03-04,1203606.8000000012,0.0
2013-03-05,1184093.9400000025,0.0
2013-03-06,882481.2000000015,0.0
2013-03-07,1273253.620000002,0.0
2013-03-08,0.0,0.0
2013-03-09,0.0,0.0
2013-03-10,0.0,0.0
2013-03-11,1227524.1100000015,0.0
2013-03-12,1304245.1700000023,0.0
2013-03-13,1094880.5800000015,0.0
2013-03-14,1330232.4800000018,0.0
2013-03-15,6838.92,0.0
2013-03-16,0.0,0.0
2013-03-17,0.0,0.0
2013-03-18,1157228.5100000016,0.0
2013-03-19,1086065.5100000026,0.0
2013-03-20,936591.9900000015,0.0
2013-03-21,1127906.100000002,0.0
2013-03-22,0.0,0.0
2013-03-23,0.0,0.0
2013-03-24,0.0,0.0
2013-03-25,1183278.1200000015,0.0
2013-03-26,1124207.1800000018,0.0
2013-03-27,962504.860000001,0.0
2013-03-28,1136604.4500000016,0.0
2013-03-29,0.0,0.0
2013-03-30,0.0,0.0
2013-03-31,0.0,0.0
2013-04-01,1208604.3700000015,0.0
2013-04-02,1299789.3200000024,0.0
2013-04-03,920394.2100000016,0.0
2013-04-04,1293669.4000000027,0.0
2013-04-05,0.0,0.0
2013-04-06,0.0,0.0
2013-04-07,0.0,0.0
2013-04-08,1383420.0000000016,0.0
2013-04-09,1415541.3300000012,0.0
2013-04-10,1235589.9900000019,0.0
2013-04-11,1322607.100000002,0.0
2013-04-12,0.0,0.0
2013-04-13,0.0,0.0
2013-04-14,0.0,0.0
2013-04-15,1173363.0400000014,0.0
2013-04-16,1195489.4000000022,0.0
2013-04-17,871369.9700000011,0.0
2013-04-18,1209664.0900000015,0.0
2013-04-19,922.32,0.0
2013-04-20,0.0,0.0
2013-04-21,0.0,0.0
2013-04-22,1287994.9100000013,0.0
2013-04-23,1124117.2500000019,0.0
2013-04-24,943615.3800000016,0.0
2013-04-25,1365051.0700000012,0.0
2013-04-26,0.0,0.0
2013-04-27,0.0,0.0
2013-04-28,0.0,0.0
2013-04-29,1532049.740000001,0.0
2013-04-30,1378787.8000000028,0.0
2013-05-01,978562.8300000014,0.0
2013-05-02,1211796.7900000026,0.0
2013-05-03,847.44,0.0
2013-05-04,0.0,0.0
2013-05-05,0.0,0.0
2013-05-06,1278555.5900000024,0.0
2013-05-07,1405943.8900000032,0.0
2013-05-08,1294787.1800000018,0.0
2013-05-09,1242454.0900000026,0.0
2013-05-10,4228.8,0.0
2013-05-11,0.0,0.0
2013-05-12,0.0,0.0
2013-05-13,1275603.060000002,0.0
2013-05-14,1251087.5700000026,0.0
2013-05-15,978561.670000002,0.0
2013-05-16,1264035.290000003,0.0
2013-05-17,0.0,0.0
2013-05-18,0.0,0.0
2013-05-19,0.0,0.0
2013-05-20,1258532.2100000023,0.0
2013-05-21,1416032.0100000035,0.0
2013-05-22,1093872.0200000023,0.0
2013-05-23,1391595.200000003,0.0
2013-05-24,20809.679999999997,0.0
2013-05-25,0.0,0.0
2013-05-26,0.0,0.0
2013-05-27,0.0,1.0
2013-05-28,1370582.8400000029,0.0
2013-05-29,1370904.8400000022,0.0
2013-05-30,1008996.7800000017,0.0
2013-05-31,1291534.8000000026,0.0
2013-06-01,0.0,0.0
2013-06-02,0.0,0.0
2013-06-03,1126741.590000002,0.0
2013-06-04,1274891.8100000028,0.0
2013-06-05,1112040.2300000014,0.0
2013-06-06,1241798.4300000023,0.0
2013-06-07,900.0,0.0
2013-06-08,0.0,0.0
2013-06-09,0.0,0.0
2013-06-10,1283807.660000002,0.0
2013-06-11,1207442.1600000027,0.0
2013-06-12,1060579.2100000016,0.0
2013-06-13,1151493.7400000023,0.0
2013-06-14,941290.3300000015,0.0
2013-06-15,1036931.140000002,0.0
2013-06-16,0.0,0.0
2013-06-17,1019344.3400000016,0.0
2013-06-18,1151548.4600000016,0.0
2013-06-19,0.0,0.0
2013-06-20,0.0,0.0
2013-06-21,27389.760000000002,0.0
2013-06-22,6042.8099999999995,0.0
2013-06-23,0.0,0.0
2013-06-24,1636941.5900000026,0.0
2013-06-25,1661535.1400000025,0.0
2013-06-26,1206420.4400000027,0.0
2013-06-27,1586056.1200000031,0.0
2013-06-28,1426.14,0.0
2013-06-29,0.0,0.0
2013-06-30,0.0,0.0
2013-07-01,1322177.760000003,0.0
2013-07-02,1476256.460000004,0.0
2013-07-03,995528.450000002,0.0
2013-07-04,1152507.0300000024,1.0
2013-07-05,0.0,0.0
2013-07-06,0.0,0.0
2013-07-07,0.0,0.0
2013-07-08,1352504.2500000023,0.0
2013-07-09,991924.9900000022,0.0
2013-07-10,1463348.9300000032,0.0
2013-07-11,1201377.0100000023,0.0
2013-07-12,0.0,0.0
2013-07-13,0.0,0.0
2013-07-14,0.0,0.0
2013-07-15,1365678.1700000025,0.0
2013-07-16,1099477.4800000023,0.0
2013-07-17,967307.2100000021,0.0
2013-07-18,1052865.1200000015,0.0
2013-07-19,1096.08,0.0
2013-07-20,0.0,0.0
2013-07-21,0.0,0.0
2013-07-22,1276648.5800000029,0.0
2013-07-23,942055.4200000013,0.0
2013-07-24,1175363.7300000023,0.0
2013-07-25,941116.0100000012,0.0
2013-07-26,0.0,0.0
2013-07-27,0.0,0.0
2013-07-28,0.0,0.0
2013-07-29,1590140.900000002,0.0
2013-07-30,976905.630000002,0.0
2013-07-31,1293367.3800000034,0.0
2013-08-01,1008882.9700000008,0.0
2013-08-02,399.18,0.0
2013-08-03,0.0,0.0
2013-08-04,0.0,0.0
2013-08-05,1567227.630000003,0.0
2013-08-06,1082242.1300000022,0.0
2013-08-07,1320990.470000003,0.0
2013-08-08,1111816.120000001,0.0
2013-08-09,0.0,0.0
2013-08-10,0.0,0.0
2013-08-11,0.0,0.0
2013-08-12,1492418.040000002,0.0
2013-08-13,1107802.080000002,0.0
2013-08-14,1245167.750000002,0.0
2013-08-15,1042621.9100000006,0.0
2013-08-16,18157.21,0.0
2013-08-17,0.0,0.0
2013-08-18,0.0,0.0
2013-08-19,1492890.4200000013,0.0
2013-08-20,1012086.6100000017,0.0
2013-08-21,1292550.5300000021,0.0
2013-08-22,1061597.4700000011,0.0
2013-08-23,0.0,0.0
2013-08-24,0.0,0.0
2013-08-25,0.0,0.0
2013-08-26,1690067.380000002,0.0
2013-08-27,1029494.6200000017,0.0
2013-08-28,1550064.410000002,0.0
2013-08-29,1415632.7100000011,0.0
2013-08-30,10709.989999999998,0.0
2013-08-31,0.0,0.0
2013-09-01,0.0,0.0
2013-09-02,0.0,1.0
2013-09-03,1466300.9100000025,0.0
2013-09-04,1072614.5600000022,0.0
2013-09-05,1395236.120000003,0.0
2013-09-06,847396.5400000007,0.0
2013-09-07,0.0,0.0
2013-09-08,0.0,0.0
2013-09-09,1450973.5900000029,0.0
2013-09-10,837108.1600000008,0.0
2013-09-11,1143729.9500000016,0.0
2013-09-12,979188.020000001,0.0
2013-09-13,0.0,0.0
2013-09-14,0.0,0.0
2013-09-15,0.0,0.0
2013-09-16,1295257.000000002,0.0
2013-09-17,925406.5100000008,0.0
2013-09-18,1140703.910000002,0.0
2013-09-19,947288.7100000005,0.0
2013-09-20,3135.74,0.0
2013-09-21,0.0,0.0
2013-09-22,0.0,0.0
2013-09-23,1282532.2600000016,0.0
2013-09-24,838238.0600000004,0.0
2013-09-25,1168762.080000002,0.0
2013-09-26,933662.3800000007,0.0
2013-09-27,0.0,0.0
2013-09-28,0.0,0.0
2013-09-29,0.0,0.0
2013-09-30,1399158.3200000017,0.0
2013-10-01,1093396.810000001,0.0
2013-10-02,1780246.2400000019,0.0
2013-10-03,1537076.2100000025,0.0
2013-10-04,3516318.0500000007,0.0
2013-10-05,0.0,0.0
2013-10-06,0.0,0.0
2013-10-07,1888585.04,0.0
2013-10-08,893795.2300000008,0.0
2013-10-09,1276530.350000002,0.0
2013-10-10,1320976.6500000025,0.0
2013-10-11,3278998.010000001,0.0
2013-10-12,0.0,0.0
2013-10-13,0.0,0.0
2013-10-14,1901715.6000000015,1.0
2013-10-15,1191654.6600000022,0.0
2013-10-16,1614926.4000000025,0.0
2013-10-17,1113172.5100000002,0.0
2013-10-18,0.0,0.0
2013-10-19,0.0,0.0
2013-10-20,0.0,0.0
2013-10-21,1426510.4100000018,0.0
2013-10-22,1006044.1800000016,0.0
2013-10-23,1386542.7800000026,0.0
2013-10-24,1103631.440000001,0.0
2013-10-25,9224.09,0.0
2013-10-26,0.0,0.0
2013-10-27,0.0,0.0
2013-10-28,1425526.5300000026,0.0
2013-10-29,955399.2000000014,0.0
2013-10-30,1255024.0100000019,0.0
2013-10-31,1170517.0400000014,0.0
2013-11-01,4915.570000000001,0.0
2013-11-02,0.0,0.0
2013-11-03,0.0,0.0
2013-11-04,1337658.9700000007,0.0
2013-11-05,798777.6700000003,0.0
2013-11-06,1124708.0700000008,0.0
2013-11-07,1070998.3100000005,0.0
2013-11-08,17593.88,0.0
2013-11-09,0.0,0.0
2013-11-10,0.0,0.0
2013-11-11,1331748.7300000004,1.0
2013-11-12,878396.92,0.0
2013-11-13,1429341.340000001,0.0
2013-11-14,1006630.5700000004,0.0
2013-11-15,5193.570000000001,0.0
2013-11-16,0.0,0.0
2013-11-17,0.0,0.0
2013-11-18,1525358.43,0.0
2013-11-19,1008896.700000001,0.0
2013-11-20,1290716.0400000007,0.0
2013-11-21,1158050.3900000004,0.0
2013-11-22,933165.0800000005,0.0
2013-11-23,671281.8800000001,0.0
2013-11-24,0.0,0.0
2013-11-25,1055312.5500000003,0.0
2013-11-26,1078751.8600000006,0.0
2013-11-27,73453.11,0.0
2013-11-28,0.0,1.0
2013-11-29,0.0,0.0
2013-11-30,0.0,0.0
2013-12-01,0.0,0.0
2013-12-02,1812807.6199999994,0.0
2013-12-03,1197114.6700000016,0.0
2013-12-04,1642175.0899999999,0.0
2013-12-05,1331116.4400000009,0.0
2013-12-06,18231.139999999996,0.0
2013-12-07,0.0,0.0
2013-12-08,0.0,0.0
2013-12-09,1628951.7900000005,0.0
2013-12-10,1082894.710000001,0.0
2013-12-11,1416655.2100000002,0.0
2013-12-12,1273261.7800000005,0.0
2013-12-13,31238.440000000002,0.0
2013-12-14,0.0,0.0
2013-12-15,0.0,0.0
2013-12-16,1683128.37,0.0
2013-12-17,1170023.3600000008,0.0
2013-12-18,1586955.5399999993,0.0
2013-12-19,1447200.9600000002,0.0
2013-12-20,1259531.1000000013,0.0
2013-12-21,777239.5400000004,0.0
2013-12-22,0.0,0.0
2013-12-23,1205479.1300000008,0.0
2013-12-24,62568.47,0.0
2013-12-25,0.0,1.0
2013-12-26,1345888.3600000008,0.0
2013-12-27,1750579.6600000004,0.0
2013-12-28,989463.1800000006,0.0
2013-12-29,0.0,0.0
2013-12-30,1407311.4000000008,0.0
2013-12-31,95071.01,0.0
2014-01-01,0.0,1.0
2014-01-02,881751.74,0.0
2014-01-03,0.0,0.0
2014-01-04,0.0,0.0
2014-01-05,0.0,0.0
2014-01-06,1721282.4699999997,0.0
2014-01-07,970398.8200000004,0.0
2014-01-08,1461004.37,0.0
2014-01-09,1029326.7499999998,0.0
2014-01-10,0.0,0.0
2014-01-11,0.0,0.0
2014-01-12,0.0,0.0
2014-01-13,1220346.39,0.0
2014-01-14,823538.24,0.0
2014-01-15,1124422.460000001,0.0
2014-01-16,884646.4099999996,0.0
2014-01-17,1971.2400000000002,0.0
2014-01-18,0.0,0.0
2014-01-19,0.0,0.0
2014-01-20,1295526.3700000008,1.0
2014-01-21,821258.1900000002,0.0
2014-01-22,1237132.7500000005,0.0
2014-01-23,1018463.3800000001,0.0
2014-01-24,0.0,0.0
2014-01-25,0.0,0.0
2014-01-26,0.0,0.0
2014-01-27,1779446.1300000004,0.0
2014-01-28,1091828.220000001,0.0
2014-01-29,1604100.009999999,0.0
2014-01-30,1070225.0300000003,0.0
2014-01-31,9263.65,0.0
2014-02-01,0.0,0.0
2014-02-02,0.0,0.0
2014-02-03,1454699.2800000005,0.0
2014-02-04,899936.5100000004,0.0
2014-02-05,1378061.5800000005,0.0
2014-02-06,1180867.5800000005,0.0
2014-02-07,0.0,0.0
2014-02-08,0.0,0.0
2014-02-09,0.0,0.0
2014-02-10,1749517.8599999992,0.0
2014-02-11,910802.0500000002,0.0
2014-02-12,1379417.010000001,0.0
2014-02-13,1204226.7300000004,0.0
2014-02-14,0.0,0.0
2014-02-15,0.0,0.0
2014-02-16,0.0,0.0
2014-02-17,1291362.4000000004,1.0
2014-02-18,788110.6399999998,0.0
2014-02-19,1155362.9300000009,0.0
2014-02-20,1051512.3800000006,0.0
2014-02-21,0.0,0.0
2014-02-22,0.0,0.0
2014-02-23,0.0,0.0
2014-02-24,1553721.4899999998,0.0
2014-02-25,860931.5600000004,0.0
2014-02-26,1236498.5600000008,0.0
2014-02-27,1088253.7000000002,0.0
2014-02-28,0.0,0.0
2014-03-01,0.0,0.0
2014-03-02,0.0,0.0
2014-03-03,1500462.0800000005,0.0
2014-03-04,832117.7300000008,0.0
2014-03-05,1332013.0400000014,0.0
2014-03-06,1114789.8800000004,0.0
2014-03-07,0.0,0.0
2014-03-08,0.0,0.0
2014-03-09,0.0,0.0
2014-03-10,1637018.5600000003,0.0
2014-03-11,911751.1500000008,0.0
2014-03-12,1240523.660000001,0.0
2014-03-13,1001529.9500000004,0.0
2014-03-14,19053.32,0.0
2014-03-15,0.0,0.0
2014-03-16,0.0,0.0
2014-03-17,1434002.54,0.0
2014-03-18,894632.6500000007,0.0
2014-03-19,1126451.7100000016,0.0
2014-03-20,935542.8800000004,0.0
2014-03-21,0.0,0.0
2014-03-22,0.0,0.0
2014-03-23,0.0,0.0
2014-03-24,1220350.6900000002,0.0
2014-03-25,741711.1500000001,0.0
2014-03-26,1047010.1300000013,0.0
2014-03-27,865290.4000000001,0.0
2014-03-28,0.0,0.0
2014-03-29,0.0,0.0
2014-03-30,0.0,0.0
2014-03-31,1474654.5900000008,0.0
2014-04-01,887244.4100000004,0.0
2014-04-02,1400016.7600000002,0.0
2014-04-03,1187599.1000000003,0.0
2014-04-04,0.0,0.0
2014-04-05,0.0,0.0
2014-04-06,0.0,0.0
2014-04-07,1797363.1099999994,0.0
2014-04-08,1111934.5700000008,0.0
2014-04-09,1571501.7600000002,0.0
2014-04-10,1195609.15,0.0
2014-04-11,6146.48,0.0
2014-04-12,0.0,0.0
2014-04-13,0.0,0.0
2014-04-14,1584983.1799999995,0.0
2014-04-15,892758.2900000007,0.0
2014-04-16,1146830.9700000011,0.0
2014-04-17,1185649.5400000007,0.0
2014-04-18,0.0,0.0
2014-04-19,0.0,0.0
2014-04-20,0.0,0.0
2014-04-21,1326110.500000001,0.0
2014-04-22,882152.2300000001,0.0
2014-04-23,1189573.350000001,0.0
2014-04-24,1178021.4900000005,0.0
2014-04-25,0.0,0.0
2014-04-26,0.0,0.0
2014-04-27,0.0,0.0
2014-04-28,1763305.2599999998,0.0
2014-04-29,1013147.520000001,0.0
2014-04-30,1319224.6300000008,0.0
2014-05-01,1071942.3499999999,0.0
2014-05-02,1039.33,0.0
2014-05-03,0.0,0.0
2014-05-04,0.0,0.0
2014-05-05,1605358.4100000001,0.0
2014-05-06,1146177.5500000003,0.0
2014-05-07,1325206.2100000004,0.0
2014-05-08,1145024.4700000002,0.0
2014-05-09,0.0,0.0
2014-05-10,0.0,0.0
2014-05-11,0.0,0.0
2014-05-12,1568025.019999999,0.0
2014-05-13,986231.5500000004,0.0
2014-05-14,1239645.3200000008,0.0
2014-05-15,1048305.7600000001,0.0
2014-05-16,0.0,0.0
2014-05-17,0.0,0.0
2014-05-18,0.0,0.0
2014-05-19,1438630.0300000003,0.0
2014-05-20,1047702.8600000007,0.0
2014-05-21,1364158.4800000007,0.0
2014-05-22,1091103.6300000001,0.0
2014-05-23,1247358.5100000007,0.0
2014-05-24,0.0,0.0
2014-05-25,0.0,0.0
2014-05-26,0.0,1.0
2014-05-27,966384.1800000009,0.0
2014-05-28,1426368.9800000007,0.0
2014-05-29,1247601.56,0.0
2014-05-30,0.0,0.0
2014-05-31,0.0,0.0
2014-06-01,0.0,0.0
2014-06-02,1732907.2200000004,0.0
2014-06-03,996538.270000001,0.0
2014-06-04,1339763.7400000016,0.0
2014-06-05,1066511.7600000002,0.0
2014-06-06,0.0,0.0
2014-06-07,0.0,0.0
2014-06-08,0.0,0.0
2014-06-09,1923382.3000000003,0.0
2014-06-10,1216208.1600000008,0.0
2014-06-11,1459411.9500000014,0.0
2014-06-12,1106400.870000001,0.0
2014-06-13,0.0,0.0
2014-06-14,0.0,0.0
2014-06-15,0.0,0.0
2014-06-16,1428920.6100000008,0.0
2014-06-17,1024190.9500000009,0.0
2014-06-18,1271342.8400000012,0.0
2014-06-19,1022515.6300000005,0.0
2014-06-20,0.0,0.0
2014-06-21,0.0,0.0
2014-06-22,0.0,0.0
2014-06-23,2086506.2200000002,0.0
2014-06-24,1200342.920000001,0.0
2014-06-25,1515237.200000001,0.0
2014-06-26,1480715.2800000003,0.0
2014-06-27,1522537.1700000013,0.0
2014-06-28,0.0,0.0
2014-06-29,0.0,0.0
2014-06-30,1036244.8800000012,0.0
2014-07-01,1254454.110000001,0.0
2014-07-02,1120640.66,0.0
2014-07-03,50469.20999999999,0.0
2014-07-04,0.0,1.0
2014-07-05,0.0,0.0
2014-07-06,0.0,0.0
2014-07-07,1648113.7099999997,0.0
2014-07-08,1135393.1700000009,0.0
2014-07-09,1374098.6100000013,0.0
2014-07-10,1078264.7300000002,0.0
2014-07-11,0.0,0.0
2014-07-12,0.0,0.0
2014-07-13,0.0,0.0
2014-07-14,1571238.1700000006,0.0
2014-07-15,1018736.8100000012,0.0
2014-07-16,1330835.6100000013,0.0
2014-07-17,979511.0700000008,0.0
2014-07-18,0.0,0.0
2014-07-19,0.0,0.0
2014-07-20,0.0,0.0
2014-07-21,1487584.060000001,0.0
2014-07-22,912319.130000001,0.0
2014-07-23,1203203.7800000012,0.0
2014-07-24,1065008.7200000004,0.0
2014-07-25,0.0,0.0
2014-07-26,0.0,0.0
2014-07-27,0.0,0.0
2014-07-28,1410934.5700000008,0.0
2014-07-29,957703.770000001,0.0
2014-07-30,1317533.800000002,0.0
2014-07-31,1031309.0500000005,0.0
2014-08-01,0.0,0.0
2014-08-02,0.0,0.0
2014-08-03,0.0,0.0
2014-08-04,1586785.7999999989,0.0
2014-08-05,1023547.0,0.0
2014-08-06,1493655.8699999978,0.0
2014-08-07,1196250.3800000001,0.0
2014-08-08,0.0,0.0
2014-08-09,0.0,0.0
2014-08-10,0.0,0.0
2014-08-11,1648014.769999998,0.0
2014-08-12,967576.9200000002,0.0
2014-08-13,1260415.0499999993,0.0
2014-08-14,972750.1199999999,0.0
2014-08-15,0.0,0.0
2014-08-16,0.0,0.0
2014-08-17,0.0,0.0
2014-08-18,1193232.6799999995,0.0
2014-08-19,971950.9099999999,0.0
2014-08-20,1418669.4799999988,0.0
2014-08-21,1003525.6199999998,0.0
2014-08-22,0.0,0.0
2014-08-23,0.0,0.0
2014-08-24,0.0,0.0
2014-08-25,1520525.5299999975,0.0
2014-08-26,1130380.8900000001,0.0
2014-08-27,1705128.5699999984,0.0
2014-08-28,1074317.3899999994,0.0
2014-08-29,1004160.1,0.0
2014-08-30,0.0,0.0
2014-08-31,0.0,0.0
2014-09-01,0.0,1.0
2014-09-02,1117338.5099999995,0.0
2014-09-03,1829502.5999999987,0.0
2014-09-04,1188700.3899999994,0.0
2014-09-05,0.0,0.0
2014-09-06,0.0,0.0
2014-09-07,0.0,0.0
2014-09-08,1971662.4799999981,0.0
2014-09-09,1399237.2899999984,0.0
2014-09-10,1830797.759999999,0.0
2014-09-11,1065662.1799999992,0.0
2014-09-12,0.0,0.0
2014-09-13,0.0,0.0
2014-09-14,0.0,0.0
2014-09-15,1534236.5399999986,0.0
2014-09-16,1093168.4799999995,0.0
2014-09-17,1541910.339999998,0.0
2014-09-18,997864.6999999995,0.0
2014-09-19,0.0,0.0
2014-09-20,0.0,0.0
2014-09-21,0.0,0.0
2014-09-22,1351370.5299999989,0.0
2014-09-23,1104710.229999999,0.0
2014-09-24,1313682.7499999995,0.0
2014-09-25,964356.8399999995,0.0
2014-09-26,0.0,0.0
2014-09-27,0.0,0.0
2014-09-28,0.0,0.0
2014-09-29,1769598.9999999981,0.0
2014-09-30,1361751.94,0.0
2014-10-01,1879638.6499999983,0.0
2014-10-02,1303371.7699999996,0.0
2014-10-03,307.08000000000004,0.0
2014-10-04,0.0,0.0
2014-10-05,0.0,0.0
2014-10-06,1735352.149999999,0.0
2014-10-07,1517885.799999999,0.0
2014-10-08,1666150.479999999,0.0
2014-10-09,1161701.649999999,0.0
2014-10-10,14417.42,0.0
2014-10-11,0.0,0.0
2014-10-12,0.0,0.0
2014-10-13,2000919.9299999985,1.0
2014-10-14,1282293.2699999989,0.0
2014-10-15,1868322.9099999985,0.0
2014-10-16,1052932.0499999998,0.0
2014-10-17,0.0,0.0
2014-10-18,0.0,0.0
2014-10-19,0.0,0.0
2014-10-20,1426464.149999999,0.0
2014-10-21,1171366.15,0.0
2014-10-22,1589882.2599999986,0.0
2014-10-23,1127692.9,0.0
2014-10-24,157.5,0.0
2014-10-25,0.0,0.0
2014-10-26,0.0,0.0
2014-10-27,1623357.639999999,0.0
2014-10-28,1286818.6999999995,0.0
2014-10-29,1589177.5499999986,0.0
2014-10-30,1244198.0799999994,0.0
2014-10-31,0.0,0.0
2014-11-01,0.0,0.0
2014-11-02,0.0,0.0
2014-11-03,1296369.6199999985,0.0
2014-11-04,1109568.08,0.0
2014-11-05,1756067.4799999986,0.0
2014-11-06,991628.9999999998,0.0
2014-11-07,1307231.9299999997,0.0
2014-11-08,0.0,0.0
2014-11-09,0.0,0.0
2014-11-10,864065.8299999997,0.0
2014-11-11,0.0,1.0
2014-11-12,1782969.189999998,0.0
2014-11-13,1119391.2199999995,0.0
2014-11-14,0.0,0.0
2014-11-15,0.0,0.0
2014-11-16,0.0,0.0
2014-11-17,1780714.7099999988,0.0
2014-11-18,1384931.4099999997,0.0
2014-11-19,1630158.8899999983,0.0
2014-11-20,1092086.0799999998,0.0
2014-11-21,1035402.7599999997,0.0
2014-11-22,820830.3499999994,0.0
2014-11-23,0.0,0.0
2014-11-24,1308077.1099999994,0.0
2014-11-25,972534.1299999997,0.0
2014-11-26,20731.949999999997,0.0
2014-11-27,0.0,1.0
2014-11-28,0.0,0.0
2014-11-29,0.0,0.0
2014-11-30,0.0,0.0
2014-12-01,1993370.879999999,0.0
2014-12-02,1417302.3699999992,0.0
2014-12-03,1792512.779999998,0.0
2014-12-04,1421430.4399999995,0.0
2014-12-05,0.0,0.0
2014-12-06,0.0,0.0
2014-12-07,0.0,0.0
2014-12-08,1836838.199999999,0.0
2014-12-09,1508478.389999999,0.0
2014-12-10,1927412.5499999998,0.0
2014-12-11,1279050.9699999993,0.0
2014-12-12,17405.22,0.0
2014-12-13,0.0,0.0
2014-12-14,0.0,0.0
2014-12-15,1718556.7699999984,0.0
2014-12-16,1175237.5399999993,0.0
2014-12-17,1800738.889999998,0.0
2014-12-18,1264565.6199999994,0.0
2014-12-19,1242956.3399999994,0.0
2014-12-20,1001388.7499999998,0.0
2014-12-21,0.0,0.0
2014-12-22,1631525.5099999984,0.0
2014-12-23,1076891.929999999,0.0
2014-12-24,75213.18,0.0
2014-12-25,0.0,1.0
2014-12-26,1701750.2099999983,0.0
2014-12-27,1365251.1599999997,0.0
2014-12-28,0.0,0.0
2014-12-29,2030639.3499999996,0.0
2014-12-30,1276853.749999999,0.0
2014-12-31,70171.62,0.0
2015-01-01,0.0,1.0
2015-01-02,0.0,0.0
2015-01-03,0.0,0.0
2015-01-04,0.0,0.0
2015-01-05,1621501.799999998,0.0
2015-01-06,1149511.5399999993,0.0
2015-01-07,1469466.119999998,0.0
2015-01-08,1019332.3099999995,0.0
2015-01-09,0.0,0.0
2015-01-10,0.0,0.0
2015-01-11,0.0,0.0
2015-01-12,1147093.1899999997,0.0
2015-01-13,1202579.67,0.0
2015-01-14,825379.3099999992,0.0
2015-01-15,931738.2799999996,0.0
2015-01-16,941445.9799999999,0.0
2015-01-17,0.0,0.0
2015-01-18,0.0,0.0
2015-01-19,0.0,1.0
2015-01-20,1008364.6099999998,0.0
2015-01-21,1420456.6499999985,0.0
2015-01-22,1003176.9799999996,0.0
2015-01-23,2608.3599999999997,0.0
2015-01-24,0.0,0.0
2015-01-25,0.0,0.0
2015-01-26,1528847.4199999983,0.0
2015-01-27,900814.2799999998,0.0
2015-01-28,1350540.0999999987,0.0
2015-01-29,975651.7099999998,0.0
2015-01-30,0.0,0.0
2015-01-31,0.0,0.0
2015-02-01,0.0,0.0
2015-02-02,1478246.2599999995,0.0
2015-02-03,1100506.08,0.0
2015-02-04,1551772.31,0.0
2015-02-05,1241992.399999999,0.0
2015-02-06,1739.52,0.0
2015-02-07,0.0,0.0
2015-02-08,0.0,0.0
2015-02-09,1774056.4899999986,0.0
2015-02-10,1331928.2099999997,0.0
2015-02-11,1855145.359999999,0.0
2015-02-12,1008147.6799999997,0.0
2015-02-13,0.0,0.0
2015-02-14,0.0,0.0
2015-02-15,0.0,0.0
2015-02-16,1413494.559999999,1.0
2015-02-17,1143801.9700000002,0.0
2015-02-18,1276732.7199999997,0.0
2015-02-19,1061228.2500000002,0.0
2015-02-20,0.0,0.0
2015-02-21,0.0,0.0
2015-02-22,0.0,0.0
2015-02-23,1404107.6399999992,0.0
2015-02-24,1164233.1099999996,0.0
2015-02-25,1334903.66,0.0
2015-02-26,1082316.1899999997,0.0
2015-02-27,0.0,0.0
2015-02-28,0.0,0.0
2015-03-01,0.0,0.0
2015-03-02,1391592.959999999,0.0
2015-03-03,1251984.5399999996,0.0
2015-03-04,1373371.139999999,0.0
2015-03-05,1116740.0799999998,0.0
2015-03-06,1680.28,0.0
2015-03-07,0.0,0.0
2015-03-08,0.0,0.0
2015-03-09,1625407.3799999985,0.0
2015-03-10,1119824.77,0.0
2015-03-11,1291384.7099999995,0.0
2015-03-12,1097626.9999999998,0.0
2015-03-13,0.0,0.0
2015-03-14,0.0,0.0
2015-03-15,0.0,0.0
2015-03-16,1933721.5499999998,0.0
2015-03-17,1582495.6699999995,0.0
2015-03-18,1643429.9799999995,0.0
2015-03-19,989498.3500000001,0.0
2015-03-20,0.0,0.0
2015-03-21,0.0,0.0
2015-03-22,0.0,0.0
2015-03-23,1213496.2399999995,0.0
2015-03-24,982348.4900000002,0.0
2015-03-25,1115798.4299999997,0.0
2015-03-26,966668.5199999998,0.0
2015-03-27,0.0,0.0
2015-03-28,0.0,0.0
2015-03-29,0.0,0.0
2015-03-30,1383880.9699999995,0.0
2015-03-31,1181418.6499999994,0.0
2015-04-01,1322708.4799999995,0.0
2015-04-02,1035950.4899999996,0.0
2015-04-03,0.0,0.0
2015-04-04,0.0,0.0
2015-04-05,0.0,0.0
2015-04-06,1475232.4599999995,0.0
2015-04-07,1169869.4000000001,0.0
2015-04-08,1256737.7599999995,0.0
2015-04-09,977682.7099999996,0.0
2015-04-10,0.0,0.0
2015-04-11,0.0,0.0
2015-04-12,0.0,0.0
2015-04-13,1293197.1499999994,0.0
2015-04-14,1142418.2299999997,0.0
2015-04-15,1243910.6199999999,0.0
2015-04-16,1023391.0999999995,0.0
2015-04-17,0.0,0.0
2015-04-18,0.0,0.0
2015-04-19,0.0,0.0
2015-04-20,1429471.3899999983,0.0
2015-04-21,1021739.4399999998,0.0
2015-04-22,1264526.73,0.0
2015-04-23,978767.0699999996,0.0
2015-04-24,0.0,0.0
2015-04-25,0.0,0.0
2015-04-26,0.0,0.0
2015-04-27,1834953.749999999,0.0
2015-04-28,1503585.3499999999,0.0
2015-04-29,1762227.0000000002,0.0
2015-04-30,1120894.2,0.0
2015-05-01,447.9,0.0
2015-05-02,0.0,0.0
2015-05-03,0.0,0.0
2015-05-04,1723452.359999998,0.0
2015-05-05,1261416.329999999,0.0
2015-05-06,1432657.6999999979,0.0
2015-05-07,1056131.2599999993,0.0
2015-05-08,0.0,0.0
2015-05-09,0.0,0.0
2015-05-10,0.0,0.0
2015-05-11,1443850.9599999979,0.0
2015-05-12,1283687.2699999989,0.0
2015-05-13,1242910.5899999987,0.0
2015-05-14,1400884.859999999,0.0
2015-05-15,0.0,0.0
2015-05-16,0.0,0.0
2015-05-17,0.0,0.0
2015-05-18,1860118.479999999,0.0
2015-05-19,1939572.8999999997,0.0
2015-05-20,1601447.0399999996,0.0
2015-05-21,1206831.7899999996,0.0
2015-05-22,1100271.4299999995,0.0
2015-05-23,0.0,0.0
2015-05-24,0.0,0.0
2015-05-25,0.0,1.0
2015-05-26,1338108.89,0.0
2015-05-27,1415751.469999999,0.0
2015-05-28,1128029.8499999994,0.0
2015-05-29,1799.88,0.0
2015-05-30,0.0,0.0
2015-05-31,0.0,0.0
2015-06-01,1824835.2399999977,0.0
2015-06-02,1268427.539999999,0.0
2015-06-03,1313717.6799999995,0.0
2015-06-04,1129701.329999999,0.0
2015-06-05,3856.55,0.0
2015-06-06,0.0,0.0
2015-06-07,0.0,0.0
2015-06-08,1444765.689999999,0.0
2015-06-09,1320223.4199999988,0.0
2015-06-10,1380307.9999999993,0.0
2015-06-11,1052322.5399999993,0.0
2015-06-12,2431.68,0.0
2015-06-13,0.0,0.0
2015-06-14,0.0,0.0
2015-06-15,1997167.4999999986,0.0
2015-06-16,1788798.9499999986,0.0
2015-06-17,1659838.7599999984,0.0
2015-06-18,1100722.7799999993,0.0
2015-06-19,220.6,0.0
2015-06-20,0.0,0.0
2015-06-21,0.0,0.0
2015-06-22,1548657.8899999985,0.0
2015-06-23,1389231.589999999,0.0
2015-06-24,1435911.6599999992,0.0
2015-06-25,1290267.5499999993,0.0
2015-06-26,1295475.2599999988,0.0
2015-06-27,0.0,0.0
2015-06-28,0.0,0.0
2015-06-29,1510274.3399999985,0.0
2015-06-30,1332526.5799999991,0.0
2015-07-01,1144628.7799999996,0.0
2015-07-02,67478.35,0.0
2015-07-03,0.0,1.0
2015-07-04,0.0,0.0
2015-07-05,0.0,0.0
2015-07-06,1497165.3299999984,0.0
2015-07-07,1410850.2599999988,0.0
2015-07-08,1365503.6799999985,0.0
2015-07-09,1109700.6999999995,0.0
2015-07-10,0.0,0.0
2015-07-11,0.0,0.0
2015-07-12,0.0,0.0
2015-07-13,1589230.7899999989,0.0
2015-07-14,1369961.1399999994,0.0
2015-07-15,1308637.1399999992,0.0
2015-07-16,974687.4799999994,0.0
2015-07-17,0.0,0.0
2015-07-18,0.0,0.0
2015-07-19,0.0,0.0
2015-07-20,1394616.5499999989,0.0
2015-07-21,1157432.8399999994,0.0
2015-07-22,1203938.28,0.0
2015-07-23,978240.5799999995,0.0
2015-07-24,0.0,0.0
2015-07-25,0.0,0.0
2015-07-26,0.0,0.0
2015-07-27,1643276.339999998,0.0
2015-07-28,1485162.3299999994,0.0
2015-07-29,1557670.3899999983,0.0
2015-07-30,1155134.9399999995,0.0
2015-07-31,849.6,0.0
2015-08-01,0.0,0.0
2015-08-02,0.0,0.0
2015-08-03,1599892.0699999977,0.0
2015-08-04,1217479.36,0.0
2015-08-05,1333731.7500000002,0.0
2015-08-06,1096741.2399999995,0.0
2015-08-07,8316.78,0.0
2015-08-08,0.0,0.0
2015-08-09,0.0,0.0
2015-08-10,1312188.9099999995,0.0
2015-08-11,1186893.1499999994,0.0
2015-08-12,1149033.7799999993,0.0
2015-08-13,1073879.0299999998,0.0
2015-08-14,0.0,0.0
2015-08-15,0.0,0.0
2015-08-16,0.0,0.0
2015-08-17,1405559.5499999996,0.0
2015-08-18,1138243.439999999,0.0
2015-08-19,1381813.5499999996,0.0
2015-08-20,1047115.0499999998,0.0
2015-08-21,0.0,0.0
2015-08-22,0.0,0.0
2015-08-23,0.0,0.0
2015-08-24,1626610.5299999989,0.0
2015-08-25,1426777.299999999,0.0
2015-08-26,1549701.1399999985,0.0
2015-08-27,1131291.9799999995,0.0
2015-08-28,0.0,0.0
2015-08-29,0.0,0.0
2015-08-30,0.0,0.0
2015-08-31,1431128.9399999992,0.0
2015-09-01,1344662.8499999994,0.0
2015-09-02,1658918.679999998,0.0
2015-09-03,1271790.2899999996,0.0
2015-09-04,1200999.4399999995,0.0
2015-09-05,0.0,0.0
2015-09-06,0.0,0.0
2015-09-07,0.0,1.0
2015-09-08,1282477.759999999,0.0
2015-09-09,1477395.2499999993,0.0
2015-09-10,1094993.4899999995,0.0
2015-09-11,0.0,0.0
2015-09-12,0.0,0.0
2015-09-13,0.0,0.0
2015-09-14,1756913.0599999994,0.0
2015-09-15,1359339.0199999993,0.0
2015-09-16,1219471.0299999998,0.0
2015-09-17,1034101.4399999995,0.0
2015-09-18,4569.33,0.0
2015-09-19,0.0,0.0
2015-09-20,0.0,0.0
2015-09-21,1472361.0199999993,0.0
2015-09-22,1155461.1599999992,0.0
2015-09-23,1369871.6799999992,0.0
2015-09-24,976726.0399999996,0.0
2015-09-25,6050.400000000001,0.0
2015-09-26,0.0,0.0
2015-09-27,0.0,0.0
2015-09-28,1645347.5199999984,0.0
2015-09-29,1346297.1199999996,0.0
2015-09-30,1435613.5899999996,0.0
2015-10-01,1619710.4799999993,0.0
2015-10-02,5186.54,0.0
2015-10-03,0.0,0.0
2015-10-04,0.0,0.0
2015-10-05,1681203.0899999985,0.0
2015-10-06,1572074.5199999986,0.0
2015-10-07,1561224.519999999,0.0
2015-10-08,1221182.5699999996,0.0
2015-10-09,0.0,0.0
2015-10-10,0.0,0.0
2015-10-11,0.0,0.0
2015-10-12,1946626.609999999,1.0
2015-10-13,1633405.9099999995,0.0
2015-10-14,1852181.71,0.0
2015-10-15,1262658.3399999994,0.0
2015-10-16,0.0,0.0
2015-10-17,0.0,0.0
2015-10-18,0.0,0.0
2015-10-19,1698777.8799999983,0.0
2015-10-20,1607045.3799999987,0.0
2015-10-21,1513646.2499999993,0.0
2015-10-22,1101736.6699999995,0.0
2015-10-23,0.0,0.0
2015-10-24,0.0,0.0
2015-10-25,0.0,0.0
2015-10-26,1536830.0099999993,0.0
2015-10-27,1396452.2499999993,0.0
2015-10-28,1470821.2499999993,0.0
2015-10-29,1232219.85,0.0
2015-10-30,264.24,0.0
2015-10-31,0.0,0.0
2015-11-01,0.0,0.0
2015-11-02,1610574.3399999992,0.0
2015-11-03,1234313.7499999995,0.0
2015-11-04,1444461.8099999991,0.0
2015-11-05,1048052.4699999999,0.0
2015-11-06,0.0,0.0
2015-11-07,0.0,0.0
2015-11-08,0.0,0.0
2015-11-09,1644053.059999999,0.0
2015-11-10,1411690.2699999998,0.0
2015-11-11,1397286.4099999992,1.0
2015-11-12,1144243.93,0.0
2015-11-13,0.0,0.0
2015-11-14,0.0,0.0
2015-11-15,0.0,0.0
2015-11-16,1602469.779999999,0.0
2015-11-17,1258836.0199999989,0.0
2015-11-18,1982523.6799999992,0.0
2015-11-19,1265565.16,0.0
2015-11-20,1406158.749999999,0.0
2015-11-21,958084.8599999998,0.0
2015-11-22,0.0,0.0
2015-11-23,1261884.12,0.0
2015-11-24,1009775.73,0.0
2015-11-25,85415.43999999999,0.0
2015-11-26,0.0,1.0
2015-11-27,0.0,0.0
2015-11-28,0.0,0.0
2015-11-29,0.0,0.0
2015-11-30,1953325.4799999995,0.0
2015-12-01,1990001.5599999977,0.0
2015-12-02,1699203.3399999985,0.0
2015-12-03,1496925.6899999988,0.0
2015-12-04,5208.85,0.0
2015-12-05,0.0,0.0
2015-12-06,0.0,0.0
2015-12-07,1893163.1299999994,0.0
2015-12-08,1457864.8199999987,0.0
2015-12-09,1774018.9799999993,0.0
2015-12-10,1378871.829999999,0.0
2015-12-11,0.0,0.0
2015-12-12,0.0,0.0
2015-12-13,0.0,0.0
2015-12-14,1801538.9099999997,0.0
2015-12-15,1628488.8799999987,0.0
2015-12-16,1619874.9599999983,0.0
2015-12-17,1336313.6699999995,0.0
2015-12-18,1407056.0099999998,0.0
2015-12-19,0.0,0.0
2015-12-20,0.0,0.0
2015-12-21,1682710.2199999986,0.0
2015-12-22,1868452.4799999997,0.0
2015-12-23,1348003.2899999996,0.0
2015-12-24,18753.000000000004,0.0
2015-12-25,0.0,1.0
2015-12-26,1778571.279999998,0.0
2015-12-27,0.0,0.0
2015-12-28,1594419.8399999994,0.0
2015-12-29,1565417.9999999984,0.0
2015-12-30,1314665.7199999995,0.0
2015-12-31,23613.450000000004,0.0
2016-01-01,0.0,1.0
2016-01-02,0.0,0.0
2016-01-03,0.0,0.0
2016-01-04,1594658.2299999986,0.0
2016-01-05,1174987.4699999995,0.0
2016-01-06,1215470.8799999992,0.0
2016-01-07,1042350.3799999992,0.0
2016-01-08,0.0,0.0
2016-01-09,0.0,0.0
2016-01-10,0.0,0.0
2016-01-11,1233572.27,0.0
2016-01-12,1053016.9000000004,0.0
2016-01-13,1106050.71,0.0
2016-01-14,878231.2599999998,0.0
2016-01-15,1010663.7199999995,0.0
2016-01-16,0.0,0.0
2016-01-17,0.0,0.0
2016-01-18,0.0,1.0
2016-01-19,1062818.2,0.0
2016-01-20,1186966.9900000002,0.0
2016-01-21,890906.19,0.0
2016-01-22,0.0,0.0
2016-01-23,0.0,0.0
2016-01-24,0.0,0.0
2016-01-25,1629805.0599999991,0.0
2016-01-26,1313079.9799999997,0.0
2016-01-27,1433498.8499999996,0.0
2016-01-28,1191978.2699999996,0.0
2016-01-29,0.0,0.0
2016-01-30,0.0,0.0
2016-01-31,0.0,0.0
2016-02-01,1667068.9799999993,0.0
2016-02-02,1483907.6499999997,0.0
2016-02-03,1432550.8399999992,0.0
2016-02-04,1120044.3999999994,0.0
2016-02-05,0.0,0.0
2016-02-06,0.0,0.0
2016-02-07,0.0,0.0
2016-02-08,1534156.3799999992,0.0
2016-02-09,1200080.0699999994,0.0
2016-02-10,1423229.899999999,0.0
2016-02-11,1072858.2799999993,0.0
2016-02-12,932.4000000000001,0.0
2016-02-13,0.0,0.0
2016-02-14,0.0,0.0
2016-02-15,1416190.8899999994,1.0
2016-02-16,1334043.0599999991,0.0
2016-02-17,1543665.9499999997,0.0
2016-02-18,1048587.3099999994,0.0
2016-02-19,40.64,0.0
2016-02-20,0.0,0.0
2016-02-21,0.0,0.0
2016-02-22,1489320.9899999993,0.0
2016-02-23,1166548.4899999993,0.0
2016-02-24,1313995.9099999992,0.0
2016-02-25,1208505.1999999995,0.0
2016-02-26,0.0,0.0
2016-02-27,0.0,0.0
2016-02-28,0.0,0.0
2016-02-29,1346115.1399999992,0.0
2016-03-01,1156289.1799999995,0.0
2016-03-02,1244331.74,0.0
2016-03-03,1063212.9799999995,0.0
2016-03-04,4516.92,0.0
2016-03-05,0.0,0.0
2016-03-06,0.0,0.0
2016-03-07,1700833.1199999996,0.0
2016-03-08,1164134.2899999996,0.0
2016-03-09,1519300.4999999998,0.0
2016-03-10,1133863.9699999997,0.0
2016-03-11,668.88,0.0
2016-03-12,0.0,0.0
2016-03-13,0.0,0.0
2016-03-14,1450750.9099999997,0.0
2016-03-15,1126707.1899999997,0.0
2016-03-16,1239363.1199999992,0.0
2016-03-17,1136362.6700000002,0.0
2016-03-18,0.0,0.0
2016-03-19,0.0,0.0
2016-03-20,0.0,0.0
2016-03-21,1543921.2899999996,0.0
2016-03-22,1297912.74,0.0
2016-03-23,1278808.4499999997,0.0
2016-03-24,1070251.4199999997,0.0
2016-03-25,3198.3,0.0
2016-03-26,0.0,0.0
2016-03-27,0.0,0.0
2016-03-28,1368181.6299999994,0.0
2016-03-29,1037876.78,0.0
2016-03-30,1211647.8399999996,0.0
2016-03-31,954312.4199999992,0.0
2016-04-01,0.0,0.0
2016-04-02,0.0,0.0
2016-04-03,0.0,0.0
2016-04-04,1713227.2200000007,0.0
2016-04-05,1318654.9,0.0
2016-04-06,1666471.8400000003,0.0
2016-04-07,1199488.0199999996,0.0
2016-04-08,0.0,0.0
2016-04-09,0.0,0.0
2016-04-10,0.0,0.0
2016-04-11,1633486.8900000006,0.0
2016-04-12,1241778.1199999996,0.0
2016-04-13,1380048.2199999995,0.0
2016-04-14,1013020.1199999995,0.0
2016-04-15,22612.56,0.0
2016-04-16,0.0,0.0
2016-04-17,0.0,0.0
2016-04-18,1572773.840000001,0.0
2016-04-19,1328561.3299999996,0.0
2016-04-20,1299910.5599999996,0.0
2016-04-21,1131382.98,0.0
2016-04-22,0.0,0.0
2016-04-23,0.0,0.0
2016-04-24,0.0,0.0
2016-04-25,1867768.8799999997,0.0
2016-04-26,1434063.69,0.0
2016-04-27,1593341.7799999998,0.0
2016-04-28,1246499.4799999997,0.0
2016-04-29,3934.1800000000003,0.0
2016-04-30,0.0,0.0
2016-05-01,0.0,0.0
2016-05-02,1620501.21,0.0
2016-05-03,1501379.1599999997,0.0
2016-05-04,1566492.5600000003,0.0
2016-05-05,1196262.1599999997,0.0
2016-05-06,15141.359999999999,0.0
2016-05-07,0.0,0.0
2016-05-08,0.0,0.0
2016-05-09,1658718.3100000003,0.0
2016-05-10,1413433.9100000001,0.0
2016-05-11,1507130.8999999997,0.0
2016-05-12,1153231.7300000002,0.0
2016-05-13,5904.719999999999,0.0
2016-05-14,0.0,0.0
2016-05-15,0.0,0.0
2016-05-16,1572592.56,0.0
2016-05-17,1412265.3699999999,0.0
2016-05-18,1485359.69,0.0
2016-05-19,1159757.3199999996,0.0
2016-05-20,4035.8399999999997,0.0
2016-05-21,0.0,0.0
2016-05-22,0.0,0.0
2016-05-23,1622334.7000000002,0.0
2016-05-24,1543874.9100000006,0.0
2016-05-25,1484011.6500000006,0.0
2016-05-26,1223944.3399999999,0.0
2016-05-27,1298102.8099999994,0.0
2016-05-28,0.0,0.0
2016-05-29,0.0,0.0
2016-05-30,0.0,1.0
2016-05-31,1374700.9500000011,0.0
2016-06-01,1426989.6900000004,0.0
2016-06-02,1209373.1899999997,0.0
2016-06-03,7465.98,0.0
2016-06-04,0.0,0.0
2016-06-05,0.0,0.0
2016-06-06,2219798.2399999998,0.0
2016-06-07,1480915.9800000002,0.0
2016-06-08,1527941.4999999998,0.0
2016-06-09,1139157.2699999996,0.0
2016-06-10,20410.199999999997,0.0
2016-06-11,0.0,0.0
2016-06-12,0.0,0.0
2016-06-13,1755614.2900000005,0.0
2016-06-14,1458645.3400000003,0.0
2016-06-15,1368799.9000000004,0.0
2016-06-16,1130429.87,0.0
2016-06-17,0.0,0.0
2016-06-18,0.0,0.0
2016-06-19,0.0,0.0
2016-06-20,1569972.58,0.0
2016-06-21,1635035.9600000007,0.0
2016-06-22,1570444.8900000001,0.0
2016-06-23,1146034.5999999996,0.0
2016-06-24,11509.08,0.0
2016-06-25,0.0,0.0
2016-06-26,0.0,0.0
2016-06-27,1908342.0699999994,0.0
2016-06-28,1801455.1399999987,0.0
2016-06-29,1658460.0000000002,0.0
2016-06-30,1291874.22,0.0
2016-07-01,968894.12,0.0
2016-07-02,0.0,0.0
2016-07-03,0.0,0.0
2016-07-04,0.0,1.0
2016-07-05,1363731.7199999997,0.0
2016-07-06,1407992.2100000007,0.0
2016-07-07,1115964.4000000001,0.0
2016-07-08,4848.24,0.0
2016-07-09,0.0,0.0
2016-07-10,0.0,0.0
2016-07-11,1813927.1799999995,0.0
2016-07-12,1303189.5700000003,0.0
2016-07-13,1361995.2899999993,0.0
2016-07-14,1212522.6699999997,0.0
2016-07-15,731773.4199999999,0.0
2016-07-16,0.0,0.0
2016-07-17,0.0,0.0
2016-07-18,1048128.2200000004,0.0
2016-07-19,791877.8299999996,0.0
2016-07-20,1210653.9199999992,0.0
2016-07-21,1232599.08,0.0
2016-07-22,516612.34,0.0
2016-07-23,0.0,0.0
2016-07-24,0.0,0.0
2016-07-25,1504872.0700000003,0.0
2016-07-26,1051084.4799999997,0.0
2016-07-27,1392801.98,0.0
2016-07-28,1356516.11,0.0
2016-07-29,598280.7699999998,0.0
2016-07-30,0.0,0.0
2016-07-31,0.0,0.0
2016-08-01,1235545.0799999998,0.0
2016-08-02,932732.6699999998,0.0
2016-08-03,1439719.7800000012,0.0
2016-08-04,1287225.460000001,0.0
2016-08-05,548365.2099999997,0.0
2016-08-06,0.0,0.0
2016-08-07,0.0,0.0
2016-08-08,1480760.0400000005,0.0
2016-08-09,1152568.55,0.0
2016-08-10,1427518.3200000008,0.0
2016-08-11,1408534.4400000006,0.0
2016-08-12,624978.9699999997,0.0
2016-08-13,0.0,0.0
2016-08-14,0.0,0.0
2016-08-15,1348383.1400000006,0.0
2016-08-16,963675.6600000001,0.0
2016-08-17,1224536.6300000001,0.0
2016-08-18,1237149.250000001,0.0
2016-08-19,563531.9199999999,0.0
2016-08-20,0.0,0.0
2016-08-21,0.0,0.0
2016-08-22,1365489.1000000006,0.0
2016-08-23,928483.84,0.0
2016-08-24,1217445.4900000002,0.0
2016-08-25,1158976.72,0.0
2016-08-26,572927.7799999999,0.0
2016-08-27,0.0,0.0
2016-08-28,0.0,0.0
2016-08-29,720285.7499999992,0.0
2016-08-30,668527.9299999988,0.0
2016-08-31,964097.2400000028,0.0
2016-09-01,1486839.6500000008,0.0
2016-09-02,561684.1800000002,0.0
2016-09-03,1108823.4700000007,0.0
2016-09-04,0.0,0.0
2016-09-05,0.0,1.0
2016-09-06,1139882.450000001,0.0
2016-09-07,1482158.9600000016,0.0
2016-09-08,1559446.4700000016,0.0
2016-09-09,628081.8999999999,0.0
2016-09-10,0.0,0.0
2016-09-11,0.0,0.0
2016-09-12,1339826.8100000008,0.0
2016-09-13,1382181.130000001,0.0
2016-09-14,1282949.3100000008,0.0
2016-09-15,1880725.0800000024,0.0
2016-09-16,1156249.9800000004,0.0
2016-09-17,0.0,0.0
2016-09-18,0.0,0.0
2016-09-19,1337096.8700000006,0.0
2016-09-20,1119847.7400000005,0.0
2016-09-21,1171534.0900000005,0.0
2016-09-22,1163633.5500000007,0.0
2016-09-23,518932.4500000002,0.0
2016-09-24,0.0,0.0
2016-09-25,0.0,0.0
2016-09-26,1245993.8100000008,0.0
2016-09-27,944086.7700000003,0.0
2016-09-28,1107234.3600000008,0.0
2016-09-29,1125906.81,0.0
2016-09-30,575478.03,0.0
2016-10-01,0.0,0.0
2016-10-02,0.0,0.0
2016-10-03,1560541.6300000008,0.0
2016-10-04,1353216.1600000006,0.0
2016-10-05,1590387.7200000018,0.0
2016-10-06,1999348.0400000012,0.0
2016-10-07,802434.06,0.0
2016-10-08,0.0,0.0
2016-10-09,0.0,0.0
2016-10-10,1633558.4500000014,1.0
2016-10-11,1044836.3500000007,0.0
2016-10-12,1331848.9100000006,0.0
2016-10-13,1433983.6100000013,0.0
2016-10-14,536834.23,0.0
2016-10-15,0.0,0.0
2016-10-16,0.0,0.0
2016-10-17,1525049.6100000013,0.0
2016-10-18,1242015.4300000009,0.0
2016-10-19,1384471.1500000013,0.0
2016-10-20,1650562.310000002,0.0
2016-10-21,535820.21,0.0
2016-10-22,0.0,0.0
2016-10-23,0.0,0.0
2016-10-24,1382403.980000001,0.0
2016-10-25,1195428.4800000004,0.0
2016-10-26,1374190.7000000011,0.0
2016-10-27,1475374.3800000013,0.0
2016-10-28,655453.4899999999,0.0
2016-10-29,0.0,0.0
2016-10-30,0.0,0.0
2016-10-31,1603451.0200000019,0.0
2016-11-01,1207129.2200000002,0.0
2016-11-02,1412479.4200000013,0.0
2016-11-03,1375921.1600000001,0.0
2016-11-04,611856.47,0.0
2016-11-05,67.14,0.0
2016-11-06,0.0,0.0
2016-11-07,1483273.5400000007,0.0
2016-11-08,1336251.8300000005,0.0
2016-11-09,1405285.7400000005,0.0
2016-11-10,1641650.7600000019,0.0
2016-11-11,702160.3,1.0
2016-11-12,0.0,0.0
2016-11-13,0.0,0.0
2016-11-14,1467537.8000000005,0.0
2016-11-15,1241475.9600000004,0.0
2016-11-16,1685712.570000002,0.0
2016-11-17,1950518.8900000025,0.0
2016-11-18,796336.0799999997,0.0
2016-11-19,0.0,0.0
2016-11-20,0.0,0.0
2016-11-21,1707047.1500000013,0.0
2016-11-22,1248590.9200000006,0.0
2016-11-23,1057551.43,0.0
2016-11-24,0.0,1.0
2016-11-25,0.0,0.0
2016-11-26,0.0,0.0
2016-11-27,0.0,0.0
2016-11-28,1528320.8300000024,0.0
2016-11-29,1261698.5100000007,0.0
2016-11-30,1311869.1200000008,0.0
2016-12-01,1893514.3600000022,0.0
2016-12-02,880411.6600000004,0.0
2016-12-03,0.0,0.0
2016-12-04,0.0,0.0
2016-12-05,1497075.6500000008,0.0
2016-12-06,1380420.9600000002,0.0
2016-12-07,1740155.2700000019,0.0
2016-12-08,1640819.570000001,0.0
2016-12-09,629839.0,0.0
2016-12-10,0.0,0.0
2016-12-11,0.0,0.0
2016-12-12,1687895.030000002,0.0
2016-12-13,1344953.9700000007,0.0
2016-12-14,1512392.460000001,0.0
2016-12-15,1631043.040000001,0.0
2016-12-16,840614.1699999999,0.0
2016-12-17,0.0,0.0
2016-12-18,0.0,0.0
2016-12-19,1998668.7500000012,0.0
2016-12-20,1629410.2700000007,0.0
2016-12-21,2153432.150000004,0.0
2016-12-22,2272054.860000003,0.0
2016-12-23,866910.3900000004,0.0
2016-12-24,0.0,0.0
2016-12-25,0.0,0.0
2016-12-26,1629004.2200000011,1.0
2016-12-27,1842293.1200000024,0.0
2016-12-28,1510119.5700000012,0.0
2016-12-29,1522801.2700000007,0.0
2016-12-30,470256.95000000007,0.0
2016-12-31,0.0,0.0
2017-01-01,0.0,0.0
2017-01-02,0.0,1.0
2017-01-03,997294.680000001,0.0
2017-01-04,1155249.8600000006,0.0
2017-01-05,1162305.1900000006,0.0
2017-01-06,534756.73,0.0
2017-01-07,0.0,0.0
2017-01-08,0.0,0.0
2017-01-09,1542017.7300000011,0.0
2017-01-10,911193.2000000005,0.0
2017-01-11,1053120.6900000002,0.0
2017-01-12,945286.4200000002,0.0
2017-01-13,405203.5000000001,0.0
2017-01-14,0.0,0.0
2017-01-15,0.0,0.0
2017-01-16,646802.5799999998,1.0
2017-01-17,1121766.9000000008,0.0
2017-01-18,1270414.4700000007,0.0
2017-01-19,1052188.2600000005,0.0
2017-01-20,437610.58000000013,0.0
2017-01-21,0.0,0.0
2017-01-22,0.0,0.0
2017-01-23,1138153.8900000006,0.0
2017-01-24,930011.8100000003,0.0
2017-01-25,1143955.9600000004,0.0
2017-01-26,1103198.3400000008,0.0
2017-01-27,457382.8,0.0
2017-01-28,0.0,0.0
2017-01-29,0.0,0.0
2017-01-30,1158311.8200000005,0.0
2017-01-31,902147.4499999997,0.0
2017-02-01,1282914.700000001,0.0
2017-02-02,1194199.5600000008,0.0
2017-02-03,585025.4000000003,0.0
2017-02-04,0.0,0.0
2017-02-05,0.0,0.0
2017-02-06,1601243.6100000015,0.0
2017-02-07,1340599.2800000007,0.0
2017-02-08,1423457.1200000008,0.0
2017-02-09,1632807.0300000017,0.0
2017-02-10,698925.5799999998,0.0
2017-02-11,0.0,0.0
2017-02-12,0.0,0.0
2017-02-13,1463083.7300000011,0.0
2017-02-14,1187048.6500000004,0.0
2017-02-15,1190701.7700000003,0.0
2017-02-16,1400698.540000001,0.0
2017-02-17,522427.0199999999,0.0
2017-02-18,0.0,0.0
2017-02-19,0.0,0.0
2017-02-20,1362300.8500000003,1.0
2017-02-21,954421.1600000005,0.0
2017-02-22,1161613.7100000004,0.0
2017-02-23,1247246.9300000006,0.0
2017-02-24,552407.0,0.0
2017-02-25,0.0,0.0
2017-02-26,0.0,0.0
2017-02-27,1369686.6300000008,0.0
2017-02-28,915480.9800000001,0.0
2017-03-01,1334572.060000001,0.0
2017-03-02,1272555.510000001,0.0
2017-03-03,473817.15,0.0
2017-03-04,0.0,0.0
2017-03-05,0.0,0.0
2017-03-06,1589481.4900000016,0.0
2017-03-07,1329435.5100000019,0.0
2017-03-08,1264563.240000001,0.0
2017-03-09,1356599.890000001,0.0
2017-03-10,504802.6200000001,0.0
2017-03-11,0.0,0.0
2017-03-12,0.0,0.0
2017-03-13,1539801.3600000013,0.0
2017-03-14,938811.5200000001,0.0
2017-03-15,1281504.5200000012,0.0
2017-03-16,1392967.0600000012,0.0
2017-03-17,595210.1600000001,0.0
2017-03-18,0.0,0.0
2017-03-19,0.0,0.0
2017-03-20,1335492.4900000012,0.0
2017-03-21,943167.4600000002,0.0
2017-03-22,1138823.4100000006,0.0
2017-03-23,1175893.6200000006,0.0
2017-03-24,475870.41,0.0
2017-03-25,0.0,0.0
2017-03-26,0.0,0.0
2017-03-27,1355070.1500000013,0.0
2017-03-28,964119.4100000003,0.0
2017-03-29,1120679.6400000013,0.0
2017-03-30,1098868.8800000006,0.0
2017-03-31,537383.7000000001,0.0
2017-04-01,0.0,0.0
2017-04-02,0.0,0.0
2017-04-03,1425653.6000000013,0.0
2017-04-04,1122757.6900000002,0.0
2017-04-05,1330584.670000001,0.0
2017-04-06,1506635.0500000012,0.0
2017-04-07,586625.63,0.0
2017-04-08,0.0,0.0
2017-04-09,0.0,0.0
2017-04-10,1479545.4300000018,0.0
2017-04-11,1342015.1800000006,0.0
2017-04-12,1487733.230000002,0.0
2017-04-13,1436476.5400000017,0.0
2017-04-14,609846.1100000001,0.0
2017-04-15,0.0,0.0
2017-04-16,0.0,0.0
2017-04-17,1476138.0100000014,0.0
2017-04-18,1010918.7200000006,0.0
2017-04-19,1224118.7000000016,0.0
2017-04-20,1069538.6700000006,0.0
2017-04-21,441160.98000000016,0.0
2017-04-22,0.0,0.0
2017-04-23,0.0,0.0
2017-04-24,1354858.6600000013,0.0
2017-04-25,1208008.4400000006,0.0
2017-04-26,1200504.3700000008,0.0
2017-04-27,1339055.6400000015,0.0
2017-04-28,524454.9500000004,0.0
2017-04-29,0.0,0.0
2017-04-30,0.0,0.0
2017-05-01,1348782.0500000012,0.0
2017-05-02,1145371.4700000011,0.0
2017-05-03,1566529.270000002,0.0
2017-05-04,1316483.8000000014,0.0
2017-05-05,591868.7700000001,0.0
2017-05-06,0.0,0.0
2017-05-07,0.0,0.0
2017-05-08,1497964.9800000018,0.0
2017-05-09,1095644.5700000005,0.0
2017-05-10,1516163.4100000015,0.0
2017-05-11,1698743.0500000021,0.0
2017-05-12,561697.7000000002,0.0
2017-05-13,0.0,0.0
2017-05-14,0.0,0.0
2017-05-15,1459005.7600000012,0.0
2017-05-16,1318236.7900000014,0.0
2017-05-17,1367987.6300000015,0.0
2017-05-18,1476037.5900000012,0.0
2017-05-19,571131.79,0.0
2017-05-20,0.0,0.0
2017-05-21,0.0,0.0
2017-05-22,1624574.740000002,0.0
2017-05-23,1209411.290000001,0.0
2017-05-24,1400036.580000002,0.0
2017-05-25,1298340.2000000016,0.0
2017-05-26,1659765.1700000018,0.0
2017-05-27,64.18,0.0
2017-05-28,0.0,0.0
2017-05-29,66.0,1.0
2017-05-30,1068440.9400000006,0.0
2017-05-31,1435138.140000002,0.0
2017-06-01,1490499.6300000013,0.0
2017-06-02,572278.45,0.0
2017-06-03,0.0,0.0
2017-06-04,0.0,0.0
2017-06-05,1877907.590000003,0.0
2017-06-06,1306200.4200000006,0.0
2017-06-07,1429141.1800000016,0.0
2017-06-08,1594498.2100000016,0.0
2017-06-09,598375.4600000001,0.0
2017-06-10,0.0,0.0
2017-06-11,0.0,0.0
2017-06-12,1583337.9100000025,0.0
2017-06-13,1262727.8000000012,0.0
2017-06-14,1523205.5400000024,0.0
2017-06-15,1599586.1800000018,0.0
2017-06-16,642565.1399999998,0.0
2017-06-17,0.0,0.0
2017-06-18,0.0,0.0
2017-06-19,1471611.6800000025,0.0
2017-06-20,1100824.7100000007,0.0
2017-06-21,1325184.790000002,0.0
2017-06-22,1154796.46,0.0
2017-06-23,731337.4899999998,0.0
2017-06-24,0.0,0.0
2017-06-25,0.0,0.0
2017-06-26,1676086.2500000037,0.0
2017-06-27,1388611.790000002,0.0
2017-06-28,2080814.2700000042,0.0
2017-06-29,1449549.6200000013,0.0
2017-06-30,766921.3899999998,0.0
2017-07-01,0.0,0.0
2017-07-02,0.0,0.0
2017-07-03,1373777.8500000017,0.0
2017-07-04,1159161.6800000006,1.0
2017-07-05,1365813.5500000021,0.0
2017-07-06,1246739.0900000012,0.0
2017-07-07,560382.5600000002,0.0
2017-07-08,0.0,0.0
2017-07-09,0.0,0.0
2017-07-10,1525189.0900000029,0.0
2017-07-11,1176861.9100000004,0.0
2017-07-12,1473683.6300000018,0.0
2017-07-13,1366624.400000001,0.0
2017-07-14,646354.4699999999,0.0
2017-07-15,0.0,0.0
2017-07-16,0.0,0.0
2017-07-17,1541714.9100000015,0.0
2017-07-18,1200227.9700000004,0.0
2017-07-19,1377501.9500000014,0.0
2017-07-20,1241910.2800000012,0.0
2017-07-21,610382.9699999997,0.0
2017-07-22,0.0,0.0
2017-07-23,0.0,0.0
2017-07-24,1426256.4600000014,0.0
2017-07-25,1122733.0300000007,0.0
2017-07-26,1282027.660000001,0.0
2017-07-27,1529457.0200000019,0.0
2017-07-28,545821.22,0.0
2017-07-29,0.0,0.0
2017-07-30,0.0,0.0
2017-07-31,1427993.0100000016,0.0
2017-08-01,1058640.5000000005,0.0
2017-08-02,1399092.8400000012,0.0
2017-08-03,1306812.0200000007,0.0
2017-08-04,512998.99000000017,0.0
2017-08-05,0.0,0.0
2017-08-06,0.0,0.0
2017-08-07,1427367.5300000014,0.0
2017-08-08,1108356.8600000003,0.0
2017-08-09,1359373.700000001,0.0
2017-08-10,1300741.6100000008,0.0
2017-08-11,547979.0500000002,0.0
2017-08-12,0.0,0.0
2017-08-13,0.0,0.0
2017-08-14,1548327.9600000004,0.0
2017-08-15,1257366.2300000002,0.0
2017-08-16,1325230.510000001,0.0
2017-08-17,1284065.8500000013,0.0
2017-08-18,547672.0599999999,0.0
2017-08-19,0.0,0.0
2017-08-20,0.0,0.0
2017-08-21,1472021.150000001,0.0
2017-08-22,1044922.6600000005,0.0
2017-08-23,1275485.1000000006,0.0
2017-08-24,1160788.280000001,0.0
2017-08-25,531747.0700000001,0.0
2017-08-26,0.0,0.0
2017-08-27,0.0,0.0
2017-08-28,1978054.4600000032,0.0
2017-08-29,1262657.6100000013,0.0
2017-08-30,1521218.1500000018,0.0
2017-08-31,1416689.9800000014,0.0
2017-09-01,681811.4100000001,0.0
2017-09-02,0.0,0.0
2017-09-03,0.0,0.0
2017-09-04,217.08,1.0
2017-09-05,1357584.1100000015,0.0
2017-09-06,1759241.6300000022,0.0
2017-09-07,1467360.6300000008,0.0
2017-09-08,531173.0400000002,0.0
2017-09-09,0.0,0.0
2017-09-10,0.0,0.0
2017-09-11,1993363.8400000026,0.0
2017-09-12,1591799.4400000004,0.0
2017-09-13,1600705.1900000013,0.0
2017-09-14,1673181.4700000014,0.0
2017-09-15,641006.7699999999,0.0
2017-09-16,0.0,0.0
2017-09-17,0.0,0.0
2017-09-18,1618853.8600000008,0.0
2017-09-19,1139448.2000000004,0.0
2017-09-20,1338100.3300000008,0.0
2017-09-21,1237704.0200000005,0.0
2017-09-22,484002.65000000014,0.0
2017-09-23,0.0,0.0
2017-09-24,0.0,0.0
2017-09-25,1341340.3800000006,0.0
2017-09-26,1090878.0100000005,0.0
2017-09-27,1354682.9300000006,0.0
2017-09-28,1009460.5700000003,0.0
2017-09-29,551791.99,0.0
2017-09-30,0.0,0.0
2017-10-01,0.0,0.0
2017-10-02,1866128.7600000019,0.0
2017-10-03,1777736.6300000013,0.0
2017-10-04,1507969.0100000014,0.0
2017-10-05,1945471.8800000018,0.0
2017-10-06,715684.48,0.0
2017-10-07,0.0,0.0
2017-10-08,0.0,0.0
2017-10-09,1540163.4800000018,1.0
2017-10-10,1625219.370000002,0.0
2017-10-11,1562832.160000001,0.0
2017-10-12,1811956.9200000013,0.0
2017-10-13,653129.21,0.0
2017-10-14,0.0,0.0
2017-10-15,0.0,0.0
2017-10-16,1413511.0800000015,0.0
2017-10-17,1609409.9900000016,0.0
2017-10-18,1455163.250000001,0.0
2017-10-19,1546157.610000001,0.0
2017-10-20,670227.8100000002,0.0
2017-10-21,0.0,0.0
2017-10-22,0.0,0.0
2017-10-23,1648962.090000001,0.0
2017-10-24,1682237.3600000022,0.0
2017-10-25,1501059.0700000012,0.0
2017-10-26,1278311.8600000003,0.0
2017-10-27,648099.1799999998,0.0
2017-10-28,0.0,0.0
2017-10-29,0.0,0.0
2017-10-30,1562490.8700000006,0.0
2017-10-31,757500.0299999989,0.0
2017-11-01,1448492.3500000006,0.0
2017-11-02,1217195.7200000004,0.0
2017-11-03,635858.27,0.0
2017-11-04,0.0,0.0
2017-11-05,0.0,0.0
2017-11-06,1415639.370000001,0.0
2017-11-07,1622805.3500000017,0.0
2017-11-08,1650754.8300000022,0.0
2017-11-09,1504943.3100000012,0.0
2017-11-10,682315.7899999999,1.0
2017-11-11,0.0,0.0
2017-11-12,0.0,0.0
2017-11-13,1359408.5100000007,0.0
2017-11-14,1399044.070000001,0.0
2017-11-15,1591659.3800000013,0.0
2017-11-16,1623331.750000001,0.0
2017-11-17,849303.8300000001,0.0
2017-11-18,0.0,0.0
2017-11-19,0.0,0.0
2017-11-20,1636030.340000001,0.0
2017-11-21,1286063.3700000003,0.0
2017-11-22,692590.2299999997,0.0
2017-11-23,0.0,1.0
2017-11-24,0.0,0.0
2017-11-25,0.0,0.0
2017-11-26,0.0,0.0
2017-11-27,1496820.7300000018,0.0
2017-11-28,1393871.2600000002,0.0
2017-11-29,1435868.9700000011,0.0
2017-11-30,1906930.5900000026,0.0
2017-12-01,794585.0000000001,0.0
2017-12-02,0.0,0.0
2017-12-03,0.0,0.0
2017-12-04,2084436.160000002,0.0
2017-12-05,2106850.9700000025,0.0
2017-12-06,1648203.560000002,0.0
2017-12-07,2087567.1300000018,0.0
2017-12-08,763897.8399999997,0.0
2017-12-09,0.0,0.0
2017-12-10,0.0,0.0
2017-12-11,1582728.8400000008,0.0
2017-12-12,1767911.3500000013,0.0
2017-12-13,1621244.8200000015,0.0
2017-12-14,1559749.320000001,0.0
2017-12-15,704160.4599999996,0.0
2017-12-16,0.0,0.0
2017-12-17,0.0,0.0
2017-12-18,1772375.2200000011,0.0
2017-12-19,1547137.3000000007,0.0
2017-12-20,1694210.4900000007,0.0
2017-12-21,1505483.1000000006,0.0
2017-12-22,2181816.8600000017,0.0
2017-12-23,0.0,0.0
2017-12-24,0.0,0.0
2017-12-25,0.0,1.0
2017-12-26,1717879.900000002,0.0
2017-12-27,1750133.490000002,0.0
2017-12-28,1813163.3200000012,0.0
2017-12-29,681895.6599999999,0.0
2017-12-30,0.0,0.0
2017-12-31,0.0,0.0
2018-01-01,0.0,1.0
2018-01-02,971601.5399999997,0.0
2018-01-03,1203749.02,0.0
2018-01-04,1124619.3200000003,0.0
2018-01-05,551381.0300000001,0.0
2018-01-06,0.0,0.0
2018-01-07,0.0,0.0
2018-01-08,1621213.2300000016,0.0
2018-01-09,1333084.4300000004,0.0
2018-01-10,1093671.5100000007,0.0
2018-01-11,1094103.8500000003,0.0
2018-01-12,488188.65,0.0
2018-01-13,0.0,0.0
2018-01-14,0.0,0.0
2018-01-15,1255475.6800000004,1.0
2018-01-16,962063.7600000006,0.0
2018-01-17,1108307.8800000001,0.0
2018-01-18,931254.5400000005,0.0
2018-01-19,489593.5600000001,0.0
2018-01-20,0.0,0.0
2018-01-21,0.0,0.0
2018-01-22,1128416.2100000002,0.0
2018-01-23,1059378.6900000004,0.0
2018-01-24,1222890.490000001,0.0
2018-01-25,1068072.9200000004,0.0
2018-01-26,481613.0700000002,0.0
2018-01-27,0.0,0.0
2018-01-28,0.0,0.0
2018-01-29,1186423.1700000006,0.0
2018-01-30,1059366.0999999999,0.0
2018-01-31,1172338.29,0.0
2018-02-01,1199258.2900000003,0.0
2018-02-02,508669.0900000001,0.0
2018-02-03,0.0,0.0
2018-02-04,0.0,0.0
2018-02-05,1489142.1600000015,0.0
2018-02-06,1505878.0500000003,0.0
2018-02-07,1425685.53,0.0
2018-02-08,1479742.7800000007,0.0
2018-02-09,650903.52,0.0
2018-02-10,0.0,0.0
2018-02-11,0.0,0.0
2018-02-12,1208117.3400000008,0.0
2018-02-13,1293192.75,0.0
2018-02-14,1221161.2800000007,0.0
2018-02-15,1211741.5200000005,0.0
2018-02-16,544348.11,0.0
2018-02-17,0.0,0.0
2018-02-18,0.0,0.0
2018-02-19,1166994.1200000003,1.0
2018-02-20,1116847.45,0.0
2018-02-21,1232714.6600000004,0.0
2018-02-22,1296765.1900000004,0.0
2018-02-23,523261.7400000003,0.0
2018-02-24,0.0,0.0
2018-02-25,0.0,0.0
2018-02-26,1367053.25,0.0
2018-02-27,1165148.7100000004,0.0
2018-02-28,1254550.880000001,0.0
2018-03-01,1149359.2700000007,0.0
2018-03-02,510326.60000000015,0.0
2018-03-03,0.0,0.0
2018-03-04,0.0,0.0
2018-03-05,1508493.4000000006,0.0
2018-03-06,1429466.6600000004,0.0
2018-03-07,1368104.550000001,0.0
2018-03-08,1446451.8800000008,0.0
2018-03-09,539238.5499999999,0.0
2018-03-10,0.0,0.0
2018-03-11,0.0,0.0
2018-03-12,1399899.1200000008,0.0
2018-03-13,1212829.52,0.0
2018-03-14,1250552.980000001,0.0
2018-03-15,1177262.0000000005,0.0
2018-03-16,523151.7400000001,0.0
2018-03-17,0.0,0.0
2018-03-18,0.0,0.0
2018-03-19,1406053.100000001,0.0
2018-03-20,1065699.4900000002,0.0
2018-03-21,1221052.4500000004,0.0
2018-03-22,1203879.2600000007,0.0
2018-03-23,508026.4600000001,0.0
2018-03-24,0.0,0.0
2018-03-25,0.0,0.0
2018-03-26,1365950.8100000008,0.0
2018-03-27,1344555.48,0.0
2018-03-28,1327409.3100000003,0.0
2018-03-29,1385435.8700000006,0.0
2018-03-30,529842.7300000002,0.0
2018-03-31,0.0,0.0
2018-04-01,0.0,0.0
2018-04-02,1397967.3800000006,0.0
2018-04-03,1412825.2000000004,0.0
2018-04-04,1427188.2500000002,0.0
2018-04-05,1474484.3900000004,0.0
2018-04-06,518402.29000000015,0.0
2018-04-07,0.0,0.0
2018-04-08,0.0,0.0
2018-04-09,1529723.6000000006,0.0
2018-04-10,1423188.9800000007,0.0
2018-04-11,1535855.0100000016,0.0
2018-04-12,1545697.050000001,0.0
2018-04-13,685004.7399999996,0.0
2018-04-14,0.0,0.0
2018-04-15,0.0,0.0
2018-04-16,1310716.1800000009,0.0
2018-04-17,1240952.9500000002,0.0
2018-04-18,1279611.47,0.0
2018-04-19,1250152.1000000006,0.0
2018-04-20,521829.36,0.0
2018-04-21,0.0,0.0
2018-04-22,0.0,0.0
2018-04-23,1384547.230000001,0.0
2018-04-24,1329900.1700000006,0.0
2018-04-25,1353942.0700000008,0.0
2018-04-26,1322105.5600000005,0.0
2018-04-27,608228.8399999999,0.0
2018-04-28,0.0,0.0
2018-04-29,0.0,0.0
2018-04-30,1662423.870000001,0.0
2018-05-01,1507722.0900000012,0.0
2018-05-02,1757247.5800000015,0.0
2018-05-03,1505977.3200000008,0.0
2018-05-04,769033.5199999998,0.0
2018-05-05,0.0,0.0
2018-05-06,0.0,0.0
2018-05-07,1544994.4100000008,0.0
2018-05-08,1543162.810000001,0.0
2018-05-09,1487596.8200000012,0.0
2018-05-10,1427826.6400000008,0.0
2018-05-11,580643.2100000001,0.0
2018-05-12,0.0,0.0
2018-05-13,0.0,0.0
2018-05-14,1530321.8200000017,0.0
2018-05-15,845738.88,0.0
2018-05-16,1837000.910000003,0.0
2018-05-17,1362288.680000001,0.0
2018-05-18,608607.0199999999,0.0
2018-05-19,0.0,0.0
2018-05-20,0.0,0.0
2018-05-21,1384592.2800000007,0.0
2018-05-22,1444718.3200000003,0.0
2018-05-23,1579715.300000001,0.0
2018-05-24,1282669.6000000003,0.0
2018-05-25,1638788.9100000013,0.0
2018-05-26,0.0,0.0
2018-05-27,0.0,0.0
2018-05-28,0.0,1.0
2018-05-29,1461407.6700000006,0.0
2018-05-30,1609385.3900000015,0.0
2018-05-31,1471379.210000001,0.0
2018-06-01,685014.3699999999,0.0
2018-06-02,0.0,0.0
2018-06-03,0.0,0.0
2018-06-04,1803100.400000001,0.0
2018-06-05,1510279.0000000012,0.0
2018-06-06,1576409.8400000008,0.0
2018-06-07,1468460.6100000003,0.0
2018-06-08,565742.82,0.0
2018-06-09,0.0,0.0
2018-06-10,0.0,0.0
2018-06-11,1449431.0200000005,0.0
2018-06-12,1490585.2200000002,0.0
2018-06-13,1537180.5400000005,0.0
2018-06-14,1603063.0400000003,0.0
2018-06-15,730659.3199999998,0.0
2018-06-16,0.0,0.0
2018-06-17,0.0,0.0
2018-06-18,1326791.660000001,0.0
2018-06-19,1249674.4900000005,0.0
2018-06-20,1318506.530000001,0.0
2018-06-21,1298383.19,0.0
2018-06-22,492800.8700000002,0.0
2018-06-23,0.0,0.0
2018-06-24,0.0,0.0
2018-06-25,1619742.7400000002,0.0
2018-06-26,1555201.7300000004,0.0
2018-06-27,1843207.300000002,0.0
2018-06-28,1628724.7600000007,0.0
2018-06-29,1821067.8100000012,0.0
2018-06-30,0.0,0.0
2018-07-01,0.0,0.0
2018-07-02,1053465.3900000001,0.0
2018-07-03,1201095.5900000008,0.0
2018-07-04,0.0,1.0
2018-07-05,1340085.9900000002,0.0
2018-07-06,568902.28,0.0
2018-07-07,0.0,0.0
2018-07-08,0.0,0.0
2018-07-09,1434594.7300000002,0.0
2018-07-10,1569618.9800000004,0.0
2018-07-11,1737629.910000001,0.0
2018-07-12,1287567.3500000003,0.0
2018-07-13,606879.1100000001,0.0
2018-07-14,0.0,0.0
2018-07-15,0.0,0.0
2018-07-16,1387700.8200000005,0.0
2018-07-17,1298889.16,0.0
2018-07-18,1497182.6800000004,0.0
2018-07-19,1322075.4700000004,0.0
2018-07-20,608135.2999999999,0.0
2018-07-21,0.0,0.0
2018-07-22,0.0,0.0
2018-07-23,1441445.58,0.0
2018-07-24,1253192.56,0.0
2018-07-25,1414828.6700000006,0.0
2018-07-26,1572116.12,0.0
2018-07-27,611448.3699999998,0.0
2018-07-28,0.0,0.0
2018-07-29,0.0,0.0
2018-07-30,1600256.1700000009,0.0
2018-07-31,1387257.8000000003,0.0
2018-08-01,1619468.0400000017,0.0
2018-08-02,1761942.8800000013,0.0
2018-08-03,658734.0499999999,0.0
2018-08-04,0.0,0.0
2018-08-05,0.0,0.0
2018-08-06,1495037.010000001,0.0
2018-08-07,1508193.1500000004,0.0
2018-08-08,1467433.7600000005,0.0
2018-08-09,1459116.8000000007,0.0
2018-08-10,718737.37,0.0
2018-08-11,0.0,0.0
2018-08-12,0.0,0.0
2018-08-13,1400380.59,0.0
2018-08-14,1448213.1800000004,0.0
2018-08-15,1446767.3600000006,0.0
2018-08-16,1365618.0500000003,0.0
2018-08-17,594432.0700000001,0.0
2018-08-18,0.0,0.0
2018-08-19,0.0,0.0
2018-08-20,1490381.020000001,0.0
2018-08-21,1298467.27,0.0
2018-08-22,1281963.0200000005,0.0
2018-08-23,1184362.9700000004,0.0
2018-08-24,570468.6599999999,0.0
2018-08-25,0.0,0.0
2018-08-26,0.0,0.0
2018-08-27,1630125.8400000012,0.0
2018-08-28,1557340.8400000017,0.0
2018-08-29,1528983.160000001,0.0
2018-08-30,1336697.7600000005,0.0
2018-08-31,1684775.6600000004,0.0
2018-09-01,0.0,0.0
2018-09-02,0.0,0.0
2018-09-03,0.0,1.0
2018-09-04,1531794.9300000006,0.0
2018-09-05,1698232.9200000013,0.0
2018-09-06,1659957.980000001,0.0
2018-09-07,648356.5900000003,0.0
2018-09-08,0.0,0.0
2018-09-09,0.0,0.0
2018-09-10,1569211.5100000007,0.0
2018-09-11,1489456.1000000008,0.0
2018-09-12,1364462.4100000015,0.0
2018-09-13,1363612.3800000006,0.0
2018-09-14,580879.08,0.0
2018-09-15,0.0,0.0
2018-09-16,0.0,0.0
2018-09-17,1438187.6300000004,0.0
2018-09-18,1237667.1199999999,0.0
2018-09-19,1439456.9500000007,0.0
2018-09-20,1271430.8900000006,0.0
2018-09-21,583108.91,0.0
2018-09-22,0.0,0.0
2018-09-23,0.0,0.0
2018-09-24,1401481.7300000007,0.0
2018-09-25,1377931.8200000005,0.0
2018-09-26,1351330.070000001,0.0
2018-09-27,1296045.3800000008,0.0
2018-09-28,501686.2900000001,0.0
2018-09-29,0.0,0.0
2018-09-30,0.0,0.0
2018-10-01,1535782.8000000003,0.0
2018-10-02,2071385.2600000023,0.0
2018-10-03,1656522.1400000013,0.0
2018-10-04,1877850.440000001,0.0
2018-10-05,640627.3099999998,0.0
2018-10-06,0.0,0.0
2018-10-07,0.0,0.0
2018-10-08,1602818.5700000008,1.0
2018-10-09,1717829.6800000009,0.0
2018-10-10,1943492.2400000019,0.0
2018-10-11,1570835.3000000005,0.0
2018-10-12,740779.1499999998,0.0
2018-10-13,0.0,0.0
2018-10-14,0.0,0.0
2018-10-15,1690335.6800000016,0.0
2018-10-16,1343065.6000000003,0.0
2018-10-17,1691624.4300000023,0.0
2018-10-18,1735642.3700000015,0.0
2018-10-19,872773.8799999999,0.0
2018-10-20,0.0,0.0
2018-10-21,0.0,0.0
2018-10-22,1573536.680000001,0.0
2018-10-23,1772022.040000002,0.0
2018-10-24,1758281.560000002,0.0
2018-10-25,1457055.010000001,0.0
2018-10-26,665928.8499999999,0.0
2018-10-27,0.0,0.0
2018-10-28,0.0,0.0
2018-10-29,1561287.4100000013,0.0
2018-10-30,1686230.7200000018,0.0
2018-10-31,1443546.2900000012,0.0
2018-11-01,1207971.89,0.0
2018-11-02,576864.1399999999,0.0
2018-11-03,0.0,0.0
2018-11-04,0.0,0.0
2018-11-05,1681689.0600000015,0.0
2018-11-06,1711811.9400000013,0.0
2018-11-07,1688815.4800000018,0.0
2018-11-08,1530289.8900000008,0.0
2018-11-09,731422.85,0.0
2018-11-10,0.0,0.0
2018-11-11,0.0,0.0
2018-11-12,1673089.4300000018,1.0
2018-11-13,1491097.2700000007,0.0
2018-11-14,1957428.4000000025,0.0
2018-11-15,1856058.0700000022,0.0
2018-11-16,722234.7699999998,0.0
2018-11-17,0.0,0.0
2018-11-18,0.0,0.0
2018-11-19,1739728.100000001,0.0
2018-11-20,1512988.9300000006,0.0
2018-11-21,748192.7599999999,0.0
2018-11-22,0.0,1.0
2018-11-23,0.0,0.0
2018-11-24,0.0,0.0
2018-11-25,0.0,0.0
2018-11-26,1776225.8700000017,0.0
2018-11-27,1652565.7800000007,0.0
2018-11-28,1727914.8800000018,0.0
2018-11-29,1915221.7900000012,0.0
2018-11-30,862732.1499999994,0.0
2018-12-01,0.0,0.0
2018-12-02,0.0,0.0
2018-12-03,1840597.0400000007,0.0
2018-12-04,1758292.2400000012,0.0
2018-12-05,1989571.4200000032,0.0
2018-12-06,2136798.5300000026,0.0
2018-12-07,880274.2999999999,0.0
2018-12-08,0.0,0.0
2018-12-09,0.0,0.0
2018-12-10,1879452.4200000018,0.0
2018-12-11,1769934.6600000013,0.0
2018-12-12,1924267.1100000015,0.0
2018-12-13,2168068.420000003,0.0
2018-12-14,809189.7599999995,0.0
2018-12-15,0.0,0.0
2018-12-16,0.0,0.0
2018-12-17,2010884.3000000017,0.0
2018-12-18,1813008.3800000015,0.0
2018-12-19,1857185.6400000022,0.0
2018-12-20,2006871.820000002,0.0
2018-12-21,2170423.260000002,0.0
2018-12-22,0.0,0.0
2018-12-23,0.0,0.0
2018-12-24,75539.12000000001,0.0
2018-12-25,0.0,1.0
2018-12-26,1844779.0100000028,0.0
2018-12-27,1944745.4400000013,0.0
2018-12-28,1914349.240000003,0.0
2018-12-29,583340.1399999999,0.0
2018-12-30,0.0,0.0
2018-12-31,1648757.8000000007,0.0
2019-01-01,0.0,1.0
2019-01-02,1071212.22,0.0
2019-01-03,1166456.4900000005,0.0
2019-01-04,1379766.0800000003,0.0
2019-01-05,0.0,0.0
2019-01-06,0.0,0.0
2019-01-07,1400248.1100000003,0.0
2019-01-08,976662.4699999999,0.0
2019-01-09,1067434.5400000003,0.0
2019-01-10,1224052.3900000001,0.0
2019-01-11,548847.8399999999,0.0
2019-01-12,0.0,0.0
2019-01-13,0.0,0.0
2019-01-14,1120499.2000000004,0.0
2019-01-15,1025281.3100000003,0.0
2019-01-16,1135055.76,0.0
2019-01-17,1079346.5799999996,0.0
2019-01-18,811826.0299999999,0.0
2019-01-19,0.0,0.0
2019-01-20,0.0,0.0
2019-01-21,0.0,1.0
2019-01-22,1245375.2699999993,0.0
2019-01-23,938765.6799999999,0.0
2019-01-24,1648702.280000001,0.0
2019-01-25,893914.0999999997,0.0
2019-01-26,0.0,0.0
2019-01-27,0.0,0.0
2019-01-28,1563023.4600000004,0.0
2019-01-29,1079128.0199999998,0.0
2019-01-30,984318.7800000001,0.0
2019-01-31,1106865.9800000002,0.0
2019-02-01,619534.2299999997,0.0
2019-02-02,0.0,0.0
2019-02-03,0.0,0.0
2019-02-04,1529016.6000000008,0.0
2019-02-05,1354604.66,0.0
2019-02-06,1420364.5100000007,0.0
2019-02-07,1634884.4800000002,0.0
2019-02-08,620386.72,0.0
2019-02-09,0.0,0.0
2019-02-10,0.0,0.0
2019-02-11,1645820.61,0.0
2019-02-12,1282548.7200000004,0.0
2019-02-13,1313136.4200000006,0.0
2019-02-14,1254168.0000000002,0.0
2019-02-15,569282.16,0.0
2019-02-16,0.0,0.0
2019-02-17,0.0,0.0
2019-02-18,1401746.4200000002,1.0
2019-02-19,1205740.6600000001,0.0
2019-02-20,1393122.3800000006,0.0
2019-02-21,1391144.5000000005,0.0
2019-02-22,625673.9899999995,0.0
2019-02-23,0.0,0.0
2019-02-24,0.0,0.0
2019-02-25,1428635.9900000002,0.0
2019-02-26,1382246.0300000003,0.0
2019-02-27,1291684.0700000003,0.0
2019-02-28,1278169.3400000003,0.0
2019-03-01,633872.2500000001,0.0
2019-03-02,0.0,0.0
2019-03-03,0.0,0.0
2019-03-04,1573461.95,0.0
2019-03-05,1542964.0800000003,0.0
2019-03-06,1742535.3200000015,0.0
2019-03-07,1738780.9000000001,0.0
2019-03-08,700638.5299999998,0.0
2019-03-09,0.0,0.0
2019-03-10,0.0,0.0
2019-03-11,1472221.2800000003,0.0
2019-03-12,1572739.1400000013,0.0
2019-03-13,1497215.700000001,0.0
2019-03-14,1410604.2000000004,0.0
2019-03-15,513613.95000000007,0.0
2019-03-16,0.0,0.0
2019-03-17,0.0,0.0
2019-03-18,1377502.2800000005,0.0
2019-03-19,993209.3500000003,0.0
2019-03-20,1208884.2300000011,0.0
2019-03-21,1135707.4100000006,0.0
2019-03-22,506453.1999999999,0.0
2019-03-23,0.0,0.0
2019-03-24,0.0,0.0
2019-03-25,1253480.1000000006,0.0
2019-03-26,1047203.2800000003,0.0
2019-03-27,1163097.6200000006,0.0
2019-03-28,1289889.5900000003,0.0
2019-03-29,608653.9999999998,0.0
2019-03-30,0.0,0.0
2019-03-31,0.0,0.0
2019-04-01,1380021.3900000006,0.0
2019-04-02,1252650.5800000005,0.0
2019-04-03,1391115.0499999998,0.0
2019-04-04,1484711.4700000002,0.0
2019-04-05,674455.7399999999,0.0
2019-04-06,0.0,0.0
2019-04-07,0.0,0.0
2019-04-08,1409058.33,0.0
2019-04-09,1247923.5499999998,0.0
2019-04-10,1442188.2400000002,0.0
2019-04-11,1337015.83,0.0
2019-04-12,0.0,0.0
2019-04-13,724460.1799999997,0.0
2019-04-14,0.0,0.0
2019-04-15,1060334.1700000004,0.0
2019-04-16,1108078.84,0.0
2019-04-17,1402917.2100000004,0.0
2019-04-18,1199187.8,0.0
2019-04-19,1162171.42,0.0
2019-04-20,0.0,0.0
2019-04-21,0.0,0.0
2019-04-22,1261051.4899999998,0.0
2019-04-23,1252325.8800000001,0.0
2019-04-24,1803342.2700000007,0.0
2019-04-25,1281683.32,0.0
2019-04-26,1375247.5,0.0
2019-04-27,0.0,0.0
2019-04-28,0.0,0.0
2019-04-29,1333446.4500000004,0.0
2019-04-30,1205221.1400000006,0.0
2019-05-01,1162848.470000001,0.0
2019-05-02,1447287.620000001,0.0
2019-05-03,1276215.6000000003,0.0
2019-05-04,0.0,0.0
2019-05-05,0.0,0.0
2019-05-06,1376169.4800000002,0.0
2019-05-07,1765024.2200000016,0.0
2019-05-08,1363439.7300000002,0.0
2019-05-09,1166319.3900000004,0.0
2019-05-10,1349743.9200000006,0.0
2019-05-11,0.0,0.0
2019-05-12,0.0,0.0
2019-05-13,1326738.0300000007,0.0
2019-05-14,1646857.1500000008,0.0
2019-05-15,1792116.9500000011,0.0
2019-05-16,1217491.8500000003,0.0
2019-05-17,1605671.2500000007,0.0
2019-05-18,0.0,0.0
2019-05-19,1811.5800000000002,0.0
2019-05-20,1428853.7100000002,0.0
2019-05-21,1457289.1000000006,0.0
2019-05-22,1629082.330000001,0.0
2019-05-23,1381516.8100000005,0.0
2019-05-24,1388537.2199999997,0.0
2019-05-25,0.0,0.0
2019-05-26,0.0,0.0
2019-05-27,0.0,1.0
2019-05-28,1758703.9400000013,0.0
2019-05-29,1918359.2200000018,0.0
2019-05-30,1446439.1500000008,0.0
2019-05-31,1850256.5500000017,0.0
2019-06-01,117028.68,0.0
2019-06-02,0.0,0.0
2019-06-03,1568622.0200000012,0.0
2019-06-04,1430653.1300000013,0.0
2019-06-05,1400037.1500000008,0.0
2019-06-06,1297885.0700000003,0.0
2019-06-07,1226486.8900000004,0.0
2019-06-08,0.0,0.0
2019-06-09,0.0,0.0
2019-06-10,1303244.4600000011,0.0
2019-06-11,1442067.7400000007,0.0
2019-06-12,1428110.6600000001,0.0
2019-06-13,1379750.61,0.0
2019-06-14,1130259.7000000002,0.0
2019-06-15,340341.34,0.0
2019-06-16,0.0,0.0
2019-06-17,1230158.7400000005,0.0
2019-06-18,1372991.84,0.0
2019-06-19,1440942.2400000005,0.0
2019-06-20,1010739.63,0.0
2019-06-21,1303060.72,0.0
2019-06-22,0.0,0.0
2019-06-23,0.0,0.0
2019-06-24,1730151.780000001,0.0
2019-06-25,1696401.9200000016,0.0
2019-06-26,2155770.0400000014,0.0
2019-06-27,1456731.9800000004,0.0
2019-06-28,1415594.62,0.0
2019-06-29,0.0,0.0
2019-06-30,0.0,0.0
2019-07-01,1613749.0300000012,0.0
2019-07-02,1470034.960000001,0.0
2019-07-03,1268041.3800000001,0.0
2019-07-04,106771.11,1.0
2019-07-05,2116536.460000005,0.0
2019-07-06,0.0,0.0
2019-07-07,0.0,0.0
2019-07-08,1337896.7200000002,0.0
2019-07-09,1261205.9100000001,0.0
2019-07-10,1440889.9499999997,0.0
2019-07-11,1045653.5899999996,0.0
2019-07-12,1398967.41,0.0
2019-07-13,0.0,0.0
2019-07-14,0.0,0.0
2019-07-15,1324777.5300000003,0.0
2019-07-16,1273566.7500000002,0.0
2019-07-17,1312199.1300000001,0.0
2019-07-18,1000945.9699999999,0.0
2019-07-19,1148558.8199999998,0.0
2019-07-20,0.0,0.0
2019-07-21,0.0,0.0
2019-07-22,1217294.1400000006,0.0
2019-07-23,1113499.9599999997,0.0
2019-07-24,1261055.2,0.0
2019-07-25,1077390.7399999998,0.0
2019-07-26,1630210.8300000003,0.0
2019-07-27,0.0,0.0
2019-07-28,0.0,0.0
2019-07-29,1638225.8600000013,0.0
2019-07-30,1551988.3800000004,0.0
2019-07-31,2357939.860000002,0.0
2019-08-01,1388185.3300000005,0.0
2019-08-02,1123314.2200000002,0.0
2019-08-03,0.0,0.0
2019-08-04,0.0,0.0
2019-08-05,1342386.9700000004,0.0
2019-08-06,1217410.09,0.0
2019-08-07,1363064.5700000005,0.0
2019-08-08,1034532.5100000001,0.0
2019-08-09,1130987.4999999998,0.0
2019-08-10,0.0,0.0
2019-08-11,0.0,0.0
2019-08-12,1330962.6300000004,0.0
2019-08-13,1336593.3600000006,0.0
2019-08-14,1150509.7900000003,0.0
2019-08-15,1006069.58,0.0
2019-08-16,1203917.21,0.0
2019-08-17,0.0,0.0
2019-08-18,0.0,0.0
2019-08-19,1255095.1500000004,0.0
2019-08-20,1164320.6600000006,0.0
2019-08-21,1305839.8000000003,0.0
2019-08-22,1054882.0400000003,0.0
2019-08-23,1350139.8399999999,0.0
2019-08-24,0.0,0.0
2019-08-25,0.0,0.0
2019-08-26,1661985.8300000012,0.0
2019-08-27,1625855.2600000014,0.0
2019-08-28,1697515.0800000015,0.0
2019-08-29,1417561.1099999999,0.0
2019-08-30,1263134.7600000005,0.0
2019-08-31,0.0,0.0
2019-09-01,0.0,0.0
2019-09-02,0.0,1.0
2019-09-03,1500854.170000001,0.0
2019-09-04,1286434.7900000003,0.0
2019-09-05,2290099.1900000013,0.0
2019-09-06,1315314.51,0.0
2019-09-07,0.0,0.0
2019-09-08,0.0,0.0
2019-09-09,1331168.82,0.0
2019-09-10,1340731.7800000005,0.0
2019-09-11,1353418.0700000005,0.0
2019-09-12,1139811.3000000003,0.0
2019-09-13,1243274.62,0.0
2019-09-14,0.0,0.0
2019-09-15,0.0,0.0
2019-09-16,1268702.6900000006,0.0
2019-09-17,1467124.2200000016,0.0
2019-09-18,1239377.8599999994,0.0
2019-09-19,1044641.3500000002,0.0
2019-09-20,1187432.0000000005,0.0
2019-09-21,0.0,0.0
2019-09-22,0.0,0.0
2019-09-23,1170394.1800000006,0.0
2019-09-24,2057963.1000000024,0.0
2019-09-25,1525472.4300000002,0.0
2019-09-26,1460946.6600000006,0.0
2019-09-27,1327354.49,0.0
2019-09-28,0.0,0.0
2019-09-29,117484.62,0.0
2019-09-30,1410110.3800000001,0.0
2019-10-01,1432378.9900000005,0.0
2019-10-02,1446972.9400000006,0.0
2019-10-03,1389372.84,0.0
2019-10-04,1428449.81,0.0
2019-10-05,0.0,0.0
2019-10-06,0.0,0.0
2019-10-07,1620242.0300000007,0.0
2019-10-08,1908237.290000001,0.0
2019-10-09,1618184.5000000002,0.0
2019-10-10,1478782.6200000003,0.0
2019-10-11,1491522.37,0.0
2019-10-12,0.0,0.0
2019-10-13,0.0,0.0
2019-10-14,1792058.4500000016,1.0
2019-10-15,1734847.8600000022,0.0
2019-10-16,1765637.5000000012,0.0
2019-10-17,1456874.16,0.0
2019-10-18,1392890.7900000003,0.0
2019-10-19,0.0,0.0
2019-10-20,0.0,0.0
2019-10-21,1350362.9200000009,0.0
2019-10-22,1485350.9100000006,0.0
2019-10-23,1290604.9900000002,0.0
2019-10-24,1223696.5600000005,0.0
2019-10-25,1326708.1900000002,0.0
2019-10-26,0.0,0.0
2019-10-27,0.0,0.0
2019-10-28,1410593.0200000005,0.0
2019-10-29,1520959.0300000007,0.0
2019-10-30,1633080.660000001,0.0
2019-10-31,1250404.9200000002,0.0
2019-11-01,1342668.44,0.0
2019-11-02,4110.53,0.0
2019-11-03,0.0,0.0
2019-11-04,1454288.1899999997,0.0
2019-11-05,1529735.1000000006,0.0
2019-11-06,1605067.3800000004,0.0
2019-11-07,1215743.0,0.0
2019-11-08,1457920.7499999995,0.0
2019-11-09,0.0,0.0
2019-11-10,0.0,0.0
2019-11-11,1402218.6700000002,1.0
2019-11-12,1330812.4100000001,0.0
2019-11-13,1722283.790000002,0.0
2019-11-14,1329863.01,0.0
2019-11-15,397358.38,0.0
2019-11-16,1183888.28,0.0
2019-11-17,0.0,0.0
2019-11-18,1333840.0500000003,0.0
2019-11-19,1660632.9400000006,0.0
2019-11-20,1774527.3700000008,0.0
2019-11-21,1246644.1500000001,0.0
2019-11-22,391370.26000000007,0.0
2019-11-23,1240587.54,0.0
2019-11-24,0.0,0.0
2019-11-25,1768812.0400000017,0.0
2019-11-26,1671031.6500000008,0.0
2019-11-27,1382960.35,0.0
2019-11-28,0.0,1.0
2019-11-29,1346208.01,0.0
2019-11-30,477592.22000000003,0.0
2019-12-01,0.0,0.0
2019-12-02,1227092.2300000007,0.0
2019-12-03,1687577.0700000008,0.0
2019-12-04,1575625.0400000005,0.0
2019-12-05,1432555.03,0.0
2019-12-06,1560474.1200000003,0.0
2019-12-07,0.0,0.0
2019-12-08,0.0,0.0
2019-12-09,1581530.3300000005,0.0
2019-12-10,1680746.9500000007,0.0
2019-12-11,1622221.5300000007,0.0
2019-12-12,1243708.8200000003,0.0
2019-12-13,1514251.65,0.0
2019-12-14,0.0,0.0
2019-12-15,0.0,0.0
2019-12-16,1690129.710000001,0.0
2019-12-17,1824340.7200000014,0.0
2019-12-18,1815677.170000001,0.0
2019-12-19,1461052.5400000005,0.0
2019-12-20,1879842.370000001,0.0
2019-12-21,0.0,0.0
2019-12-22,0.0,0.0
2019-12-23,1379110.5999999996,0.0
2019-12-24,1778074.9300000016,0.0
2019-12-25,0.0,1.0
2019-12-26,1944481.8900000022,0.0
2019-12-27,1804352.9800000004,0.0
2019-12-28,1060994.0200000003,0.0
2019-12-29,0.0,0.0
2019-12-30,1417335.0200000005,0.0
2019-12-31,1337181.32,0.0
2020-01-01,0.0,1.0
2020-01-02,1305943.7900000005,0.0
2020-01-03,1653931.6800000006,0.0
2020-01-04,0.0,0.0
2020-01-05,0.0,0.0
2020-01-06,1175793.8700000006,0.0
2020-01-07,1327608.780000001,0.0
2020-01-08,1095765.6799999997,0.0
2020-01-09,935518.0999999999,0.0
2020-01-10,961669.7400000002,0.0
2020-01-11,0.0,0.0
2020-01-12,0.0,0.0
2020-01-13,1118273.5200000005,0.0
2020-01-14,895005.2799999999,0.0
2020-01-15,1106664.04,0.0
2020-01-16,864650.3300000001,0.0
2020-01-17,1037625.19,0.0
2020-01-18,0.0,0.0
2020-01-19,0.0,0.0
2020-01-20,1146334.2300000002,1.0
2020-01-21,1127835.0800000005,0.0
2020-01-22,1288121.24,0.0
2020-01-23,971001.3500000001,0.0
2020-01-24,1183735.2299999997,0.0
2020-01-25,0.0,0.0
2020-01-26,0.0,0.0
2020-01-27,1234496.7800000005,0.0
2020-01-28,1156612.7500000005,0.0
2020-01-29,1116708.4399999997,0.0
2020-01-30,1024593.1200000001,0.0
2020-01-31,1066610.0400000003,0.0
2020-02-01,0.0,0.0
2020-02-02,0.0,0.0
2020-02-03,1454252.3300000005,0.0
2020-02-04,1515287.9300000002,0.0
2020-02-05,1301839.73,0.0
2020-02-06,1173560.3,0.0
2020-02-07,1269752.8000000003,0.0
2020-02-08,0.0,0.0
2020-02-09,0.0,0.0
2020-02-10,1317896.3,0.0
2020-02-11,1250433.3499999999,0.0
2020-02-12,1433110.7900000003,0.0
2020-02-13,934857.8300000002,0.0
2020-02-14,1070823.3299999998,0.0
2020-02-15,0.0,0.0
2020-02-16,0.0,0.0
2020-02-17,1224805.9300000006,1.0
2020-02-18,1269463.7899999996,0.0
2020-02-19,1579435.1500000001,0.0
2020-02-20,1149192.08,0.0
2020-02-21,1252518.6399999997,0.0
2020-02-22,0.0,0.0
2020-02-23,0.0,0.0
2020-02-24,1387055.7700000003,0.0
2020-02-25,1549784.9900000012,0.0
2020-02-26,1297329.2100000002,0.0
2020-02-27,1074805.63,0.0
2020-02-28,1214098.0200000005,0.0
2020-02-29,0.0,0.0
2020-03-01,0.0,0.0
2020-03-02,1394930.8800000004,0.0
2020-03-03,1391347.37,0.0
2020-03-04,1467577.9600000007,0.0
2020-03-05,1142718.2100000007,0.0
2020-03-06,1372356.4500000007,0.0
2020-03-07,0.0,0.0
2020-03-08,0.0,0.0
2020-03-09,1598025.7100000007,0.0
2020-03-10,1542714.420000001,0.0
2020-03-11,1523485.9900000002,0.0
2020-03-12,1121808.7400000002,0.0
2020-03-13,1348036.6699999997,0.0
2020-03-14,0.0,0.0
2020-03-15,0.0,0.0
2020-03-16,1564558.420000001,0.0
2020-03-17,1446526.9700000002,0.0
2020-03-18,1531957.9500000007,0.0
2020-03-19,1080896.35,0.0
2020-03-20,1618001.4000000008,0.0
2020-03-21,0.0,0.0
2020-03-22,0.0,0.0
2020-03-23,1434237.4200000006,0.0
2020-03-24,1617452.170000001,0.0
2020-03-25,1743857.5900000015,0.0
2020-03-26,1101499.24,0.0
2020-03-27,1472045.0199999996,0.0
2020-03-28,0.0,0.0
2020-03-29,0.0,0.0
2020-03-30,1240433.3900000004,0.0
2020-03-31,1456264.7900000005,0.0
2020-04-01,1184839.2599999998,0.0
2020-04-02,857284.3599999998,0.0
2020-04-03,1593820.6,0.0
2020-04-04,0.0,0.0
2020-04-05,0.0,0.0
2020-04-06,1343044.9100000006,0.0
2020-04-07,1811137.8200000022,0.0
2020-04-08,1694392.810000001,0.0
2020-04-09,1114591.2399999998,0.0
2020-04-10,1755150.4600000018,0.0
2020-04-11,0.0,0.0
2020-04-12,0.0,0.0
2020-04-13,1552012.7100000011,0.0
2020-04-14,1907642.8800000027,0.0
2020-04-15,1211004.5800000005,0.0
2020-04-16,965283.5900000003,0.0
2020-04-17,1574875.8700000003,0.0
2020-04-18,0.0,0.0
2020-04-19,0.0,0.0
2020-04-20,1430681.1400000008,0.0
2020-04-21,1631991.3200000017,0.0
2020-04-22,1366473.9600000002,0.0
2020-04-23,996828.0700000003,0.0
2020-04-24,1790312.8700000013,0.0
2020-04-25,0.0,0.0
2020-04-26,0.0,0.0
2020-04-27,1585473.0700000015,0.0
2020-04-28,1810496.4200000027,0.0
2020-04-29,1620839.0900000012,0.0
2020-04-30,1189087.6500000006,0.0
2020-05-01,1513182.9200000006,0.0
2020-05-02,0.0,0.0
2020-05-03,0.0,0.0
2020-05-04,1587566.010000001,0.0
2020-05-05,1886102.8400000029,0.0
2020-05-06,1561483.7300000002,0.0
2020-05-07,1216823.81,0.0
2020-05-08,1721847.7500000016,0.0
2020-05-09,0.0,0.0
2020-05-10,0.0,0.0
2020-05-11,1513840.5800000008,0.0
2020-05-12,1847759.360000002,0.0
2020-05-13,1457254.39,0.0
2020-05-14,1233586.8400000003,0.0
2020-05-15,1751315.4300000002,0.0
2020-05-16,0.0,0.0
2020-05-17,0.0,0.0
2020-05-18,1612066.430000001,0.0
2020-05-19,1773885.1700000016,0.0
2020-05-20,1487270.9200000004,0.0
2020-05-21,1024051.7600000002,0.0
2020-05-22,1471736.3099999996,0.0
2020-05-23,0.0,0.0
2020-05-24,0.0,0.0
2020-05-25,0.0,1.0
2020-05-26,1534058.7,0.0
2020-05-27,1744353.120000001,0.0
2020-05-28,1951266.55,0.0
2020-05-29,2191661.5600000024,0.0
