company,symbol,industry
Valero Energy Corp,VLO,Energy
Schlumberger Ltd,SLB,Energy
National Oilwell Varco Inc,NOV,Energy
Apache Corp,APA,Energy
Peabody Energy Corp,BTU,Energy
Pioneer Natural Resources,PXD,Energy
CONSOL Energy Inc,CNX,Energy
Nabors Industries Ltd,NBR,Energy
Rowan Cos Plc,RDC,Energy
Sunoco Inc,SUN,Energy
Spectra Energy Corp,SE,Energy
Newfield Exploration Co,NFX,Energy
Baker Hughes Inc,BHI,Energy
Range Resources Corp,RRC,Energy
Noble Corp,NE,Energy
WPX Energy Inc.,WPX,Energy
Anadarko Petroleum Corp,APC,Energy
Marathon Oil Corp,MRO,Energy
QEP Resources,QEP,Energy
Devon Energy Corp,DVN,Energy
Cabot Oil & Gas A,COG,Energy
Halliburton Co,HAL,Energy
The Williams Companies Inc,WMB,Energy
Southwestern Energy Co,SWN,Energy
Exxon Mobil Corp,XOM,Energy
Marathon Petroleum Corp.,MPC,Energy
FMC Technologies Inc,FTI,Energy
Tesoro Corp,TSO,Energy
Occidental Petroleum,OXY,Energy
Chesapeake Energy Corp,CHK,Energy
Chevron Corp,CVX,Energy
Diamond Offshore Drilling,DO,Energy
Murphy Oil Corp,MUR,Energy
Alpha Natural Resources,ANR,Energy
Cameron International Corp,CAM,Energy
Phillips 66,PSX,Energy
Ensco PLC - CL A,ESV,Energy
EOG Resources,EOG,Energy
Noble Energy Inc,NBL,Energy
ConocoPhillips,COP,Energy
Kinder Morgan Inc,KMI,Energy
Denbury Resources Inc,DNR,Energy
Helmerich & Payne Inc,HP,Energy
EQT Corporation,EQT,Energy
Hess Corp,HES,Energy
PPG Industries Inc,PPG,Materials
Intl Paper Co,IP,Materials
Bemis Co Inc,BMS,Materials
Nucor Corp,NUE,Materials
Airgas Inc,ARG,Materials
United States Steel Corp,X,Materials
Titanium Metals Corp,TIE,Materials
"DuPont, E.I. de Nemours",DD,Materials
CF Industries Holdings,CF,Materials
Intl Flavors & Fragrances,IFF,Materials
Dow Chemical,DOW,Materials
Mosaic Co,MOS,Materials
Allegheny Technologies Inc,ATI,Materials
Vulcan Materials Co,VMC,Materials
MeadWestvaco Corp,MWV,Materials
Sherwin-Williams Co,SHW,Materials
Praxair Inc,PX,Materials
Air Products & Chemicals Inc,APD,Materials
Sigma-Aldrich Corp,SIAL,Materials
Sealed Air Corp,SEE,Materials
Monsanto Co.,MON,Materials
Newmont Mining Corp,NEM,Materials
Owens-Illinois Inc,OI,Materials
Eastman Chemical Co,EMN,Materials
Ball Corp,BLL,Materials
LyondellBasell Industries N.V.,LYB,Materials
Freeport McMoRan Copper & Gold,FCX,Materials
Ecolab Inc,ECL,Materials
Alcoa Inc,AA,Materials
FMC Corp,FMC,Materials
Cliffs Natural Resources Inc,CLF,Materials
NextEra Energy Inc,NEE,Utilities
Public Service Enterprise Grp,PEG,Utilities
Entergy Corp,ETR,Utilities
FirstEnergy Corp,FE,Utilities
PPL Corp,PPL,Utilities
DTE Energy Co,DTE,Utilities
Pinnacle West Capital (AZ),PNW,Utilities
Edison Intl,EIX,Utilities
SCANA Corp,SCG,Utilities
Exelon Corp,EXC,Utilities
PG&E Corporation,PCG,Utilities
Pepco Holdings Inc,POM,Utilities
ONEOK Inc,OKE,Utilities
Ameren Corp,AEE,Utilities
Integrys Energy Group Inc,TEG,Utilities
Northeast Utilities,NU,Utilities
American Electric Power,AEP,Utilities
Dominion Resources Inc,D,Utilities
Wisconsin Energy Corp,WEC,Utilities
Xcel Energy Inc,XEL,Utilities
AES Corp,AES,Utilities
Consolidated Edison Inc,ED,Utilities
Southern Co,SO,Utilities
Nisource Inc,NI,Utilities
NRG Energy,NRG,Utilities
AGL Resources,GAS,Utilities
Duke Energy Corp,DUK,Utilities
Centerpoint Energy Inc,CNP,Utilities
CMS Energy Corp,CMS,Utilities
Sempra Energy,SRE,Utilities
TECO Energy Inc,TE,Utilities
HCP Inc,HCP,Financials
People's United Financial Inc,PBCT,Financials
JP Morgan Chase & Co,JPM,Financials
American Tower Corp A,AMT,Financials
SLM Corp,SLM,Financials
Prudential Financial Inc,PRU,Financials
Lincoln National Corp,LNC,Financials
Public Storage,PSA,Financials
Invesco Ltd,IVZ,Financials
NYSE Euronext,NYX,Financials
The Bank of New York Mellon Corp,BK,Financials
Travelers Cos Inc,TRV,Financials
Kimco Realty Corp,KIM,Financials
Chubb Corp,CB,Financials
Assurant Inc,AIZ,Financials
BB&T Corp,BBT,Financials
T Rowe Price Group Inc,TROW,Financials
KeyCorp,KEY,Financials
Hudson City Bancorp,HCBK,Financials
Chicago Mercantile Exchange,CME,Financials
Franklin Resources Inc,BEN,Financials
Principal Financial Group,PFG,Financials
Marsh & McLennan Companies,MMC,Financials
Equity Residential,EQR,Financials
Moody's Corp,MCO,Financials
Leucadia National Corp (NY),LUK,Financials
Host Hotels & Resorts Inc,HST,Financials
Hartford Finl Services Group,HIG,Financials
First Horizon National Corp,FHN,Financials
Capital One Financial,COF,Financials
Goldman Sachs Group Inc,GS,Financials
Nasdaq OMX Group/The,NDAQ,Financials
Genworth Financial Inc,GNW,Financials
Federated Investors Inc B,FII,Financials
Bank of America Corp,BAC,Financials
US Bancorp,USB,Financials
Morgan Stanley,MS,Financials
Wells Fargo & Co,WFC,Financials
Boston Properties Inc,BXP,Financials
"Schwab, Charles Corp",SCHW,Financials
Ventas Inc,VTR,Financials
SunTrust Banks Inc (GA),STI,Financials
Plum Creek Timber Co,PCL,Financials
PNC Finl Services Group,PNC,Financials
Loews Corp,L,Financials
ACE Limited,ACE,Financials
Apartment Investment & Mgmt,AIV,Financials
Simon Property Group,SPG,Financials
Cincinnati Financial Corp,CINF,Financials
Fifth Third Bancorp (OH),FITB,Financials
Vornado Realty Trust,VNO,Financials
Discover Financial Services,DFS,Financials
Allstate Corp,ALL,Financials
Citigroup Inc,C,Financials
American Intl Group Inc,AIG,Financials
Regions Financial Corp,RF,Financials
Legg Mason Inc,LM,Financials
E*TRADE Financial Corp,ETFC,Financials
AFLAC Inc,AFL,Financials
Weyerhaeuser Co,WY,Financials
BlackRock Inc,BLK,Financials
Berkshire Hathaway B,BRK.B,Financials
"ProLogis, Inc",PLD,Financials
Health Care REIT Inc,HCN,Financials
Ameriprise Financial Inc,AMP,Financials
Progressive Corp,PGR,Financials
"CBRE Group, Inc.",CBG,Financials
M&T Bank Corp,MTB,Financials
Northern Trust Corp (IL),NTRS,Financials
Huntington Bancshares (OH),HBAN,Financials
AvalonBay Communities Inc,AVB,Financials
Comerica Inc (MI),CMA,Financials
Zions Bancorp (UT),ZION,Financials
Metlife Inc,MET,Financials
Aon plc,AON,Financials
IntercontinentalExchange,ICE,Financials
Torchmark Corp,TMK,Financials
American Express Co,AXP,Financials
XL Group Plc,XL,Financials
State Street Corp,STT,Financials
Unum Group,UNM,Financials
WellPoint Inc,WLP,Health Care
Pfizer Inc,PFE,Health Care
Express Scripts Holding Co.,ESRX,Health Care
Gilead Sciences Inc,GILD,Health Care
Baxter Intl Inc,BAX,Health Care
Edwards Lifesciences Corp,EW,Health Care
Merck & Co Inc,MRK,Health Care
Watson Pharmaceuticals,WPI,Health Care
Mylan Inc.,MYL,Health Care
Humana Inc,HUM,Health Care
Coventry Health Care Inc,CVH,Health Care
Allergan Inc,AGN,Health Care
Quest Diagnostics,DGX,Health Care
Perrigo Co,PRGO,Health Care
Patterson Cos Inc,PDCO,Health Care
Dentsply Intl,XRAY,Health Care
Zimmer Holdings Inc,ZMH,Health Care
Abbott Laboratories,ABT,Health Care
Amgen Inc,AMGN,Health Care
"Lilly, Eli & Co",LLY,Health Care
Stryker Corp,SYK,Health Care
Aetna Inc,AET,Health Care
AmerisourceBergen Corp,ABC,Health Care
Forest Laboratories,FRX,Health Care
Alexion Pharmaceuticals Inc,ALXN,Health Care
St Jude Medical Inc,STJ,Health Care
Tenet Healthcare,THC,Health Care
Lab Corp of America Hldgs,LH,Health Care
Waters Corp,WAT,Health Care
Medtronic Inc,MDT,Health Care
"Hospira, Inc",HSP,Health Care
Johnson & Johnson,JNJ,Health Care
Celgene Corp,CELG,Health Care
Biogen Idec Inc,BIIB,Health Care
Life Technologies Corp,LIFE,Health Care
Cardinal Health Inc,CAH,Health Care
Agilent Technologies Inc,A,Health Care
Davita Inc,DVA,Health Care
Cigna Corporation,CI,Health Care
CareFusion Corp.,CFN,Health Care
"Becton, Dickinson & Co",BDX,Health Care
PerkinElmer Inc,PKI,Health Care
Bristol-Myers Squibb,BMY,Health Care
Cerner Corp,CERN,Health Care
Thermo Fisher Scientific,TMO,Health Care
Intuitive Surgical Inc,ISRG,Health Care
Varian Medical Systems Inc,VAR,Health Care
Unitedhealth Group Inc,UNH,Health Care
"Bard, C.R. Inc",BCR,Health Care
Covidien Plc,COV,Health Care
Boston Scientific Corp,BSX,Health Care
McKesson Corp,MCK,Health Care
L-3 Communications Holdings,LLL,Industrials
Roper Industries Inc,ROP,Industrials
Flowserve Corp,FLS,Industrials
Pall Corp,PLL,Industrials
Danaher Corp,DHR,Industrials
Snap On Inc,SNA,Industrials
Quanta Services Inc,PWR,Industrials
Dover Corp,DOV,Industrials
Robert Half Intl Inc,RHI,Industrials
"Donnelley, R.R. & Sons",RRD,Industrials
Deere & Co,DE,Industrials
"Grainger, W.W. Inc",GWW,Industrials
Southwest Airlines Co,LUV,Industrials
Northrop Grumman Corp,NOC,Industrials
Fluor Corp,FLR,Industrials
Stericycle Inc,SRCL,Industrials
Xylem Inc,XYL,Industrials
Ryder System Inc,R,Industrials
Cooper Industries Plc,CBE,Industrials
Caterpillar Inc,CAT,Industrials
Cintas Corp,CTAS,Industrials
Boeing Co,BA,Industrials
Rockwell Collins,COL,Industrials
Illinois Tool Works Inc,ITW,Industrials
Precision Castparts Corp,PCP,Industrials
Raytheon Co,RTN,Industrials
Parker-Hannifin Corp,PH,Industrials
FedEx Corp,FDX,Industrials
Tyco Intl,TYC,Industrials
Waste Management Inc,WM,Industrials
General Electric Co,GE,Industrials
Masco Corp,MAS,Industrials
3M Co,MMM,Industrials
United Parcel Service Inc B,UPS,Industrials
Expeditors Intl of WA Inc,EXPD,Industrials
Rockwell Automation Inc,ROK,Industrials
Textron Inc,TXT,Industrials
Joy Global Inc,JOY,Industrials
Equifax Inc,EFX,Industrials
Dun & Bradstreet Corp,DNB,Industrials
CH Robinson Worldwide Inc,CHRW,Industrials
Republic Services Inc,RSG,Industrials
Iron Mountain Inc,IRM,Industrials
CSX Corp,CSX,Industrials
Fastenal Co,FAST,Industrials
Lockheed Martin,LMT,Industrials
Cummins Inc,CMI,Industrials
Eaton Corp,ETN,Industrials
Ingersoll-Rand Plc,IR,Industrials
Avery Dennison Corp,AVY,Industrials
United Technologies Corp,UTX,Industrials
General Dynamics,GD,Industrials
Norfolk Southern Corp,NSC,Industrials
Stanley Black & Decker,SWK,Industrials
Pitney Bowes Inc,PBI,Industrials
Emerson Electric Co,EMR,Industrials
PACCAR Inc,PCAR,Industrials
Honeywell Intl Inc,HON,Industrials
Union Pacific Corp,UNP,Industrials
Jacobs Engineering Group Inc,JEC,Industrials
Procter & Gamble,PG,Consumer Staples
Coca-Cola Enterprises,CCE,Consumer Staples
Clorox Co,CLX,Consumer Staples
Kellogg Co,K,Consumer Staples
Brown-Forman Corp B,BF.B,Consumer Staples
PepsiCo Inc,PEP,Consumer Staples
General Mills Inc,GIS,Consumer Staples
Kimberly-Clark,KMB,Consumer Staples
Molson Coors Brewing Co B,TAP,Consumer Staples
Sysco Corp,SYY,Consumer Staples
Safeway Inc,SWY,Consumer Staples
Philip Morris International,PM,Consumer Staples
Kroger Co,KR,Consumer Staples
Campbell Soup Co,CPB,Consumer Staples
Hershey Foods Corp,HSY,Consumer Staples
Dean Foods Co,DF,Consumer Staples
Lorillard Inc,LO,Consumer Staples
"Heinz, H.J. Co",HNZ,Consumer Staples
Whole Foods Market Inc,WFM,Consumer Staples
Archer-Daniels-Midland Co,ADM,Consumer Staples
Hormel Foods Corp,HRL,Consumer Staples
Coca-Cola Co,KO,Consumer Staples
CVS Caremark Corp.,CVS,Consumer Staples
"Smucker, J.M. Co",SJM,Consumer Staples
Colgate-Palmolive Co,CL,Consumer Staples
McCormick & Co,MKC,Consumer Staples
Avon Products,AVP,Consumer Staples
Tyson Foods Inc A,TSN,Consumer Staples
Altria Group Inc,MO,Consumer Staples
Dr Pepper Snapple Group,DPS,Consumer Staples
Estee Lauder Cos.,EL,Consumer Staples
Monster Beverage Corp,MNST,Consumer Staples
Wal-Mart Stores,WMT,Consumer Staples
ConAgra Foods Inc,CAG,Consumer Staples
Mead Johnson Nutrition Co,MJN,Consumer Staples
Beam Inc,BEAM,Consumer Staples
Walgreen Co,WAG,Consumer Staples
Kraft Foods Inc A,KFT,Consumer Staples
Costco Wholesale Corp,COST,Consumer Staples
Reynolds American Inc,RAI,Consumer Staples
Constellation Brands Inc A,STZ,Consumer Staples
CBS Corp B,CBS,Consumer Discretionary
TJX Cos Inc,TJX,Consumer Discretionary
"Horton, D.R. Inc",DHI,Consumer Discretionary
Harman Intl Industries Inc,HAR,Consumer Discretionary
Johnson Controls Inc,JCI,Consumer Discretionary
Expedia,EXPE,Consumer Discretionary
Wynn Resorts Ltd,WYNN,Consumer Discretionary
Interpublic Group Cos,IPG,Consumer Discretionary
News Corporation,NWSA,Consumer Discretionary
Yum! Brands Inc,YUM,Consumer Discretionary
Mattel Inc,MAT,Consumer Discretionary
Lennar Corp,LEN,Consumer Discretionary
McGraw-Hill Cos Inc,MHP,Consumer Discretionary
Macy's Inc,M,Consumer Discretionary
DIRECTV,DTV,Consumer Discretionary
McDonald's Corp,MCD,Consumer Discretionary
Home Depot Inc,HD,Consumer Discretionary
AutoZone Inc,AZO,Consumer Discretionary
Cablevision Systems Co A,CVC,Consumer Discretionary
Block H & R Inc,HRB,Consumer Discretionary
Hasbro Inc,HAS,Consumer Discretionary
Big Lots Inc,BIG,Consumer Discretionary
Starbucks Corp,SBUX,Consumer Discretionary
Lowe's Cos Inc,LOW,Consumer Discretionary
Limited Brands Inc,LTD,Consumer Discretionary
Fossil Inc,FOSL,Consumer Discretionary
"Penney, J.C. Inc",JCP,Consumer Discretionary
Comcast Corp,CMCSA,Consumer Discretionary
Borgwarner Inc,BWA,Consumer Discretionary
Staples Inc,SPLS,Consumer Discretionary
Starwood Hotel & Resort World,HOT,Consumer Discretionary
Pulte Group Inc,PHM,Consumer Discretionary
Walt Disney Co,DIS,Consumer Discretionary
Time Warner Inc,TWX,Consumer Discretionary
Discovery Communications Inc,DISCA,Consumer Discretionary
Goodyear Tire & Rubber Co,GT,Consumer Discretionary
Amazon.com Inc,AMZN,Consumer Discretionary
Viacom Inc B,VIAB,Consumer Discretionary
Nordstrom Inc,JWN,Consumer Discretionary
GameStop Corp A,GME,Consumer Discretionary
Target Corp,TGT,Consumer Discretionary
Abercrombie & Fitch Company A,ANF,Consumer Discretionary
Ford Motor Co,F,Consumer Discretionary
Urban Outfitters,URBN,Consumer Discretionary
Wyndham Worldwide Corp,WYN,Consumer Discretionary
Omnicom Group,OMC,Consumer Discretionary
Marriott Intl A,MAR,Consumer Discretionary
Carmax Inc,KMX,Consumer Discretionary
AutoNation Inc,AN,Consumer Discretionary
Priceline.com Inc,PCLN,Consumer Discretionary
Carnival Corp,CCL,Consumer Discretionary
Genuine Parts Co,GPC,Consumer Discretionary
Family Dollar Stores Inc,FDO,Consumer Discretionary
NIKE Inc B,NKE,Consumer Discretionary
Time Warner Cable Inc,TWC,Consumer Discretionary
Chipotle Mexican Grill Inc.,CMG,Consumer Discretionary
Ralph Lauren Corp,RL,Consumer Discretionary
Harley-Davidson Inc,HOG,Consumer Discretionary
NetFlix Inc,NFLX,Consumer Discretionary
Scripps Networks Interactive,SNI,Consumer Discretionary
Leggett & Platt,LEG,Consumer Discretionary
DeVry Inc,DV,Consumer Discretionary
Darden Restaurants Inc,DRI,Consumer Discretionary
Whirlpool Corp,WHR,Consumer Discretionary
O'Reilly Automotive,ORLY,Consumer Discretionary
Bed Bath & Beyond Inc,BBBY,Consumer Discretionary
Newell Rubbermaid Inc,NWL,Consumer Discretionary
Tiffany & Co,TIF,Consumer Discretionary
Best Buy Co Inc,BBY,Consumer Discretionary
VF Corp,VFC,Consumer Discretionary
Kohl's Corp,KSS,Consumer Discretionary
TripAdvisor Inc.,TRIP,Consumer Discretionary
Washington Post Co B,WPO,Consumer Discretionary
Gannett Co Inc,GCI,Consumer Discretionary
Coach Inc,COH,Consumer Discretionary
Dollar Tree Inc,DLTR,Consumer Discretionary
Intl Game Technology,IGT,Consumer Discretionary
Ross Stores Inc,ROST,Consumer Discretionary
Gap Inc,GPS,Consumer Discretionary
Apollo Group Inc,APOL,Consumer Discretionary
Yahoo Inc,YHOO,Information Technology
Microchip Technology Inc,MCHP,Information Technology
LSI Corporation,LSI,Information Technology
Automatic Data Processing,ADP,Information Technology
Advanced Micro Devices,AMD,Information Technology
Adobe Systems Inc,ADBE,Information Technology
Micron Technology Inc,MU,Information Technology
Xerox Corp,XRX,Information Technology
First Solar Inc,FSLR,Information Technology
Intel Corp,INTC,Information Technology
Akamai Technologies Inc,AKAM,Information Technology
eBay Inc.,EBAY,Information Technology
Teradyne Inc,TER,Information Technology
Microsoft Corp,MSFT,Information Technology
Fidelity National Information,FIS,Information Technology
Molex Inc,MOLX,Information Technology
"Motorola Solutions, Inc",MSI,Information Technology
Corning Inc,GLW,Information Technology
Symantec Corp,SYMC,Information Technology
F5 Networks Inc,FFIV,Information Technology
Mastercard Inc A,MA,Information Technology
Electronic Arts,EA,Information Technology
Nvidia Corp,NVDA,Information Technology
Red Hat Inc,RHT,Information Technology
Dell Inc,DELL,Information Technology
NetApp Inc,NTAP,Information Technology
Citrix Systems Inc,CTXS,Information Technology
Amphenol Corp A,APH,Information Technology
Paychex Inc,PAYX,Information Technology
Apple Inc.,AAPL,Information Technology
Total System Services Inc,TSS,Information Technology
Fiserv Inc,FISV,Information Technology
Cognizant Tech Solutions Corp,CTSH,Information Technology
BMC Software Inc,BMC,Information Technology
Broadcom Corp A,BRCM,Information Technology
TE Connectivity Ltd.,TEL,Information Technology
Analog Devices Inc,ADI,Information Technology
FLIR Systems Inc,FLIR,Information Technology
Autodesk Inc,ADSK,Information Technology
SanDisk Corp,SNDK,Information Technology
QUALCOMM Inc,QCOM,Information Technology
Computer Sciences,CSC,Information Technology
Hewlett-Packard Co,HPQ,Information Technology
Teradata Corp,TDC,Information Technology
Visa Inc,V,Information Technology
Intuit Inc,INTU,Information Technology
Seagate Technology,STX,Information Technology
JDS Uniphase Corp,JDSU,Information Technology
Western Union Co,WU,Information Technology
Western Digital Corp,WDC,Information Technology
Salesforce.com,CRM,Information Technology
Altera Corp,ALTR,Information Technology
Xilinx Inc,XLNX,Information Technology
Jabil Circuit Inc,JBL,Information Technology
Oracle Corp,ORCL,Information Technology
CA Inc,CA,Information Technology
Intl Business Machines Corp,IBM,Information Technology
Applied Materials Inc,AMAT,Information Technology
KLA-Tencor Corporation,KLAC,Information Technology
VeriSign Inc,VRSN,Information Technology
Texas Instruments Inc,TXN,Information Technology
Juniper Networks Inc,JNPR,Information Technology
Lam Research Corp,LRCX,Information Technology
Lexmark International Inc,LXK,Information Technology
Google Inc,GOOG,Information Technology
Cisco Systems Inc,CSCO,Information Technology
EMC Corp,EMC,Information Technology
Linear Technology Corp,LLTC,Information Technology
Accenture plc,ACN,Information Technology
SAIC Inc,SAI,Information Technology
Harris Corp,HRS,Information Technology
Frontier Communications Corp,FTR,Telecommunication Services
Windstream Corp,WIN,Telecommunication Services
Sprint Nextel Corp,S,Telecommunication Services
Crown Castle Intl Corp,CCI,Telecommunication Services
CenturyLink Inc,CTL,Telecommunication Services
AT&T Inc,T,Telecommunication Services
Verizon Communications Inc,VZ,Telecommunication Services
Metropcs Communications Inc,PCS,Telecommunication Services
